####
#
# OBJ File Generated by Meshlab
#
####
# Object occupied_voxel_centers.obj
#
# Vertices: 2089
# Faces: 0
#
####
vn 0.000000 0.000000 0.000000
v -0.425000 0.775000 -0.025000
vn 0.000000 0.000000 0.000000
v -0.375000 0.775000 -0.025000
vn 0.000000 0.000000 0.000000
v -0.325000 0.775000 -0.025000
vn 0.000000 0.000000 0.000000
v -0.275000 0.775000 -0.075000
vn 0.000000 0.000000 0.000000
v -0.275000 0.775000 -0.025000
vn 0.000000 0.000000 0.000000
v -0.225000 0.975000 -0.525000
vn 0.000000 0.000000 0.000000
v -0.225000 0.975000 -0.475000
vn 0.000000 0.000000 0.000000
v -0.225000 0.925000 -0.425000
vn 0.000000 0.000000 0.000000
v -0.225000 0.975000 -0.425000
vn 0.000000 0.000000 0.000000
v -0.175000 0.975000 -0.525000
vn 0.000000 0.000000 0.000000
v -0.025000 0.975000 -0.525000
vn 0.000000 0.000000 0.000000
v -0.175000 0.975000 -0.475000
vn 0.000000 0.000000 0.000000
v -0.225000 1.025000 -0.575000
vn 0.000000 0.000000 0.000000
v -0.225000 1.075000 -0.575000
vn 0.000000 0.000000 0.000000
v -0.275000 1.025000 -0.525000
vn 0.000000 0.000000 0.000000
v -0.225000 1.025000 -0.525000
vn 0.000000 0.000000 0.000000
v -0.225000 1.075000 -0.525000
vn 0.000000 0.000000 0.000000
v -0.225000 1.175000 -0.575000
vn 0.000000 0.000000 0.000000
v -0.225000 1.125000 -0.525000
vn 0.000000 0.000000 0.000000
v -0.225000 1.025000 -0.475000
vn 0.000000 0.000000 0.000000
v -0.225000 1.075000 -0.475000
vn 0.000000 0.000000 0.000000
v -0.225000 1.025000 -0.425000
vn 0.000000 0.000000 0.000000
v -0.225000 1.075000 -0.425000
vn 0.000000 0.000000 0.000000
v -0.225000 1.125000 -0.475000
vn 0.000000 0.000000 0.000000
v -0.225000 1.125000 -0.425000
vn 0.000000 0.000000 0.000000
v -0.225000 1.175000 -0.425000
vn 0.000000 0.000000 0.000000
v -0.175000 1.025000 -0.575000
vn 0.000000 0.000000 0.000000
v -0.125000 1.025000 -0.575000
vn 0.000000 0.000000 0.000000
v -0.175000 1.075000 -0.575000
vn 0.000000 0.000000 0.000000
v -0.125000 1.075000 -0.575000
vn 0.000000 0.000000 0.000000
v -0.175000 1.025000 -0.525000
vn 0.000000 0.000000 0.000000
v -0.075000 1.025000 -0.575000
vn 0.000000 0.000000 0.000000
v -0.025000 1.025000 -0.575000
vn 0.000000 0.000000 0.000000
v -0.075000 1.075000 -0.575000
vn 0.000000 0.000000 0.000000
v -0.025000 1.075000 -0.575000
vn 0.000000 0.000000 0.000000
v -0.075000 1.025000 -0.525000
vn 0.000000 0.000000 0.000000
v -0.025000 1.025000 -0.525000
vn 0.000000 0.000000 0.000000
v -0.175000 1.125000 -0.575000
vn 0.000000 0.000000 0.000000
v -0.125000 1.125000 -0.575000
vn 0.000000 0.000000 0.000000
v -0.175000 1.175000 -0.575000
vn 0.000000 0.000000 0.000000
v -0.125000 1.175000 -0.575000
vn 0.000000 0.000000 0.000000
v -0.175000 1.125000 -0.525000
vn 0.000000 0.000000 0.000000
v -0.075000 1.125000 -0.575000
vn 0.000000 0.000000 0.000000
v -0.025000 1.125000 -0.575000
vn 0.000000 0.000000 0.000000
v -0.075000 1.175000 -0.575000
vn 0.000000 0.000000 0.000000
v -0.025000 1.175000 -0.575000
vn 0.000000 0.000000 0.000000
v -0.225000 1.225000 -0.575000
vn 0.000000 0.000000 0.000000
v -0.225000 1.275000 -0.575000
vn 0.000000 0.000000 0.000000
v -0.225000 1.275000 -0.525000
vn 0.000000 0.000000 0.000000
v -0.225000 1.325000 -0.575000
vn 0.000000 0.000000 0.000000
v -0.225000 1.325000 -0.525000
vn 0.000000 0.000000 0.000000
v -0.225000 1.375000 -0.525000
vn 0.000000 0.000000 0.000000
v -0.225000 1.225000 -0.475000
vn 0.000000 0.000000 0.000000
v -0.225000 1.275000 -0.475000
vn 0.000000 0.000000 0.000000
v -0.225000 1.225000 -0.425000
vn 0.000000 0.000000 0.000000
v -0.225000 1.325000 -0.475000
vn 0.000000 0.000000 0.000000
v -0.225000 1.375000 -0.475000
vn 0.000000 0.000000 0.000000
v -0.175000 1.225000 -0.575000
vn 0.000000 0.000000 0.000000
v -0.125000 1.225000 -0.575000
vn 0.000000 0.000000 0.000000
v -0.175000 1.275000 -0.575000
vn 0.000000 0.000000 0.000000
v -0.125000 1.275000 -0.575000
vn 0.000000 0.000000 0.000000
v -0.075000 1.225000 -0.575000
vn 0.000000 0.000000 0.000000
v -0.025000 1.225000 -0.575000
vn 0.000000 0.000000 0.000000
v -0.075000 1.275000 -0.575000
vn 0.000000 0.000000 0.000000
v -0.025000 1.275000 -0.575000
vn 0.000000 0.000000 0.000000
v -0.175000 1.325000 -0.575000
vn 0.000000 0.000000 0.000000
v -0.125000 1.325000 -0.575000
vn 0.000000 0.000000 0.000000
v -0.175000 1.375000 -0.575000
vn 0.000000 0.000000 0.000000
v -0.125000 1.375000 -0.575000
vn 0.000000 0.000000 0.000000
v -0.175000 1.325000 -0.525000
vn 0.000000 0.000000 0.000000
v -0.175000 1.375000 -0.525000
vn 0.000000 0.000000 0.000000
v -0.125000 1.375000 -0.525000
vn 0.000000 0.000000 0.000000
v -0.075000 1.325000 -0.575000
vn 0.000000 0.000000 0.000000
v -0.025000 1.325000 -0.575000
vn 0.000000 0.000000 0.000000
v -0.075000 1.375000 -0.575000
vn 0.000000 0.000000 0.000000
v -0.075000 1.325000 -0.525000
vn 0.000000 0.000000 0.000000
v -0.025000 1.325000 -0.525000
vn 0.000000 0.000000 0.000000
v -0.075000 1.375000 -0.525000
vn 0.000000 0.000000 0.000000
v -0.175000 1.375000 -0.475000
vn 0.000000 0.000000 0.000000
v -0.125000 1.375000 -0.475000
vn 0.000000 0.000000 0.000000
v -0.075000 1.325000 -0.475000
vn 0.000000 0.000000 0.000000
v -0.025000 1.325000 -0.475000
vn 0.000000 0.000000 0.000000
v -0.225000 0.925000 -0.375000
vn 0.000000 0.000000 0.000000
v -0.225000 0.975000 -0.375000
vn 0.000000 0.000000 0.000000
v -0.225000 0.925000 -0.325000
vn 0.000000 0.000000 0.000000
v -0.225000 0.975000 -0.325000
vn 0.000000 0.000000 0.000000
v -0.225000 0.875000 -0.275000
vn 0.000000 0.000000 0.000000
v -0.275000 0.825000 -0.225000
vn 0.000000 0.000000 0.000000
v -0.275000 0.875000 -0.225000
vn 0.000000 0.000000 0.000000
v -0.225000 0.875000 -0.225000
vn 0.000000 0.000000 0.000000
v -0.225000 0.925000 -0.275000
vn 0.000000 0.000000 0.000000
v -0.225000 0.975000 -0.275000
vn 0.000000 0.000000 0.000000
v -0.225000 0.925000 -0.225000
vn 0.000000 0.000000 0.000000
v -0.225000 0.975000 -0.225000
vn 0.000000 0.000000 0.000000
v -0.225000 1.025000 -0.375000
vn 0.000000 0.000000 0.000000
v -0.225000 1.075000 -0.375000
vn 0.000000 0.000000 0.000000
v -0.225000 1.025000 -0.325000
vn 0.000000 0.000000 0.000000
v -0.225000 1.075000 -0.325000
vn 0.000000 0.000000 0.000000
v -0.225000 1.125000 -0.375000
vn 0.000000 0.000000 0.000000
v -0.225000 1.175000 -0.375000
vn 0.000000 0.000000 0.000000
v -0.225000 1.125000 -0.325000
vn 0.000000 0.000000 0.000000
v -0.225000 1.025000 -0.275000
vn 0.000000 0.000000 0.000000
v -0.225000 1.075000 -0.275000
vn 0.000000 0.000000 0.000000
v -0.275000 0.825000 -0.175000
vn 0.000000 0.000000 0.000000
v -0.275000 0.875000 -0.175000
vn 0.000000 0.000000 0.000000
v -0.225000 0.875000 -0.175000
vn 0.000000 0.000000 0.000000
v -0.275000 0.825000 -0.125000
vn 0.000000 0.000000 0.000000
v -0.275000 0.875000 -0.125000
vn 0.000000 0.000000 0.000000
v -0.225000 0.875000 -0.125000
vn 0.000000 0.000000 0.000000
v -0.225000 0.925000 -0.175000
vn 0.000000 0.000000 0.000000
v -0.275000 0.825000 -0.075000
vn 0.000000 0.000000 0.000000
v -0.225000 0.825000 -0.075000
vn 0.000000 0.000000 0.000000
v -0.275000 0.875000 -0.075000
vn 0.000000 0.000000 0.000000
v -0.225000 0.875000 -0.075000
vn 0.000000 0.000000 0.000000
v -0.275000 0.825000 -0.025000
vn 0.000000 0.000000 0.000000
v -0.275000 0.875000 -0.025000
vn 0.000000 0.000000 0.000000
v -0.225000 0.875000 -0.025000
vn 0.000000 0.000000 0.000000
v -0.250000 0.950000 -0.050000
vn 0.000000 0.000000 0.000000
v -0.175000 0.825000 -0.075000
vn 0.000000 0.000000 0.000000
v -0.125000 0.825000 -0.075000
vn 0.000000 0.000000 0.000000
v -0.175000 0.875000 -0.075000
vn 0.000000 0.000000 0.000000
v -0.125000 0.875000 -0.075000
vn 0.000000 0.000000 0.000000
v -0.175000 0.875000 -0.025000
vn 0.000000 0.000000 0.000000
v -0.125000 0.875000 -0.025000
vn 0.000000 0.000000 0.000000
v -0.075000 0.825000 -0.075000
vn 0.000000 0.000000 0.000000
v -0.025000 0.825000 -0.075000
vn 0.000000 0.000000 0.000000
v -0.075000 0.875000 -0.075000
vn 0.000000 0.000000 0.000000
v -0.025000 0.875000 -0.075000
vn 0.000000 0.000000 0.000000
v -0.075000 0.875000 -0.025000
vn 0.000000 0.000000 0.000000
v -0.025000 0.875000 -0.025000
vn 0.000000 0.000000 0.000000
v -0.150000 0.950000 -0.050000
vn 0.000000 0.000000 0.000000
v -0.050000 0.950000 -0.050000
vn 0.000000 0.000000 0.000000
v -0.275000 1.025000 -0.075000
vn 0.000000 0.000000 0.000000
v -0.225000 1.025000 -0.075000
vn 0.000000 0.000000 0.000000
v -0.225000 1.075000 -0.075000
vn 0.000000 0.000000 0.000000
v -0.275000 1.025000 -0.025000
vn 0.000000 0.000000 0.000000
v -0.225000 1.025000 -0.025000
vn 0.000000 0.000000 0.000000
v -0.225000 1.075000 -0.025000
vn 0.000000 0.000000 0.000000
v -0.225000 1.125000 -0.075000
vn 0.000000 0.000000 0.000000
v -0.225000 1.175000 -0.075000
vn 0.000000 0.000000 0.000000
v -0.225000 1.125000 -0.025000
vn 0.000000 0.000000 0.000000
v -0.225000 1.175000 -0.025000
vn 0.000000 0.000000 0.000000
v -0.175000 1.025000 -0.075000
vn 0.000000 0.000000 0.000000
v -0.175000 1.075000 -0.075000
vn 0.000000 0.000000 0.000000
v -0.125000 1.075000 -0.075000
vn 0.000000 0.000000 0.000000
v -0.075000 1.025000 -0.075000
vn 0.000000 0.000000 0.000000
v -0.025000 1.025000 -0.075000
vn 0.000000 0.000000 0.000000
v -0.075000 1.075000 -0.075000
vn 0.000000 0.000000 0.000000
v -0.025000 1.075000 -0.075000
vn 0.000000 0.000000 0.000000
v -0.175000 1.125000 -0.075000
vn 0.000000 0.000000 0.000000
v -0.125000 1.125000 -0.075000
vn 0.000000 0.000000 0.000000
v -0.175000 1.175000 -0.075000
vn 0.000000 0.000000 0.000000
v -0.125000 1.175000 -0.075000
vn 0.000000 0.000000 0.000000
v -0.075000 1.125000 -0.075000
vn 0.000000 0.000000 0.000000
v -0.025000 1.125000 -0.075000
vn 0.000000 0.000000 0.000000
v -0.075000 1.175000 -0.075000
vn 0.000000 0.000000 0.000000
v -0.025000 1.175000 -0.075000
vn 0.000000 0.000000 0.000000
v -0.225000 1.225000 -0.075000
vn 0.000000 0.000000 0.000000
v -0.225000 1.275000 -0.075000
vn 0.000000 0.000000 0.000000
v -0.225000 1.225000 -0.025000
vn 0.000000 0.000000 0.000000
v -0.225000 1.275000 -0.025000
vn 0.000000 0.000000 0.000000
v -0.225000 1.325000 -0.075000
vn 0.000000 0.000000 0.000000
v -0.225000 1.375000 -0.075000
vn 0.000000 0.000000 0.000000
v -0.225000 1.325000 -0.025000
vn 0.000000 0.000000 0.000000
v -0.225000 1.375000 -0.025000
vn 0.000000 0.000000 0.000000
v -0.025000 1.325000 -0.125000
vn 0.000000 0.000000 0.000000
v -0.175000 1.225000 -0.075000
vn 0.000000 0.000000 0.000000
v -0.125000 1.225000 -0.075000
vn 0.000000 0.000000 0.000000
v -0.175000 1.275000 -0.075000
vn 0.000000 0.000000 0.000000
v -0.125000 1.275000 -0.075000
vn 0.000000 0.000000 0.000000
v -0.175000 1.225000 -0.025000
vn 0.000000 0.000000 0.000000
v -0.175000 1.275000 -0.025000
vn 0.000000 0.000000 0.000000
v -0.075000 1.225000 -0.075000
vn 0.000000 0.000000 0.000000
v -0.025000 1.225000 -0.075000
vn 0.000000 0.000000 0.000000
v -0.075000 1.275000 -0.075000
vn 0.000000 0.000000 0.000000
v -0.025000 1.275000 -0.075000
vn 0.000000 0.000000 0.000000
v -0.175000 1.325000 -0.075000
vn 0.000000 0.000000 0.000000
v -0.125000 1.325000 -0.075000
vn 0.000000 0.000000 0.000000
v -0.175000 1.375000 -0.075000
vn 0.000000 0.000000 0.000000
v -0.125000 1.375000 -0.075000
vn 0.000000 0.000000 0.000000
v -0.175000 1.325000 -0.025000
vn 0.000000 0.000000 0.000000
v -0.175000 1.375000 -0.025000
vn 0.000000 0.000000 0.000000
v -0.125000 1.375000 -0.025000
vn 0.000000 0.000000 0.000000
v -0.075000 1.325000 -0.075000
vn 0.000000 0.000000 0.000000
v -0.025000 1.325000 -0.075000
vn 0.000000 0.000000 0.000000
v -0.075000 1.375000 -0.075000
vn 0.000000 0.000000 0.000000
v -0.025000 1.375000 -0.075000
vn 0.000000 0.000000 0.000000
v -0.075000 1.375000 -0.025000
vn 0.000000 0.000000 0.000000
v -0.025000 1.375000 -0.025000
vn 0.000000 0.000000 0.000000
v 0.275000 0.775000 -0.075000
vn 0.000000 0.000000 0.000000
v 0.325000 0.775000 -0.075000
vn 0.000000 0.000000 0.000000
v 0.375000 0.775000 -0.075000
vn 0.000000 0.000000 0.000000
v 0.625000 0.775000 -0.325000
vn 0.000000 0.000000 0.000000
v 0.675000 0.775000 -0.325000
vn 0.000000 0.000000 0.000000
v 0.675000 0.775000 -0.275000
vn 0.000000 0.000000 0.000000
v 0.425000 0.775000 -0.075000
vn 0.000000 0.000000 0.000000
v 0.475000 0.775000 -0.075000
vn 0.000000 0.000000 0.000000
v 0.525000 0.775000 -0.075000
vn 0.000000 0.000000 0.000000
v 0.575000 0.775000 -0.075000
vn 0.000000 0.000000 0.000000
v 0.575000 0.725000 -0.025000
vn 0.000000 0.000000 0.000000
v 0.575000 0.775000 -0.025000
vn 0.000000 0.000000 0.000000
v 0.625000 0.775000 -0.075000
vn 0.000000 0.000000 0.000000
v 0.675000 0.775000 -0.075000
vn 0.000000 0.000000 0.000000
v 0.025000 0.975000 -0.525000
vn 0.000000 0.000000 0.000000
v 0.125000 0.975000 -0.525000
vn 0.000000 0.000000 0.000000
v 0.175000 0.975000 -0.525000
vn 0.000000 0.000000 0.000000
v 0.225000 0.975000 -0.525000
vn 0.000000 0.000000 0.000000
v 0.275000 0.975000 -0.525000
vn 0.000000 0.000000 0.000000
v 0.325000 0.975000 -0.525000
vn 0.000000 0.000000 0.000000
v 0.375000 0.975000 -0.525000
vn 0.000000 0.000000 0.000000
v 0.275000 0.975000 -0.475000
vn 0.000000 0.000000 0.000000
v 0.375000 0.975000 -0.475000
vn 0.000000 0.000000 0.000000
v 0.025000 1.025000 -0.575000
vn 0.000000 0.000000 0.000000
v 0.075000 1.025000 -0.575000
vn 0.000000 0.000000 0.000000
v 0.025000 1.075000 -0.575000
vn 0.000000 0.000000 0.000000
v 0.075000 1.075000 -0.575000
vn 0.000000 0.000000 0.000000
v 0.025000 1.025000 -0.525000
vn 0.000000 0.000000 0.000000
v 0.075000 1.025000 -0.525000
vn 0.000000 0.000000 0.000000
v 0.125000 1.025000 -0.575000
vn 0.000000 0.000000 0.000000
v 0.125000 1.075000 -0.575000
vn 0.000000 0.000000 0.000000
v 0.175000 1.075000 -0.575000
vn 0.000000 0.000000 0.000000
v 0.125000 1.025000 -0.525000
vn 0.000000 0.000000 0.000000
v 0.175000 1.025000 -0.525000
vn 0.000000 0.000000 0.000000
v 0.025000 1.125000 -0.575000
vn 0.000000 0.000000 0.000000
v 0.075000 1.125000 -0.575000
vn 0.000000 0.000000 0.000000
v 0.025000 1.175000 -0.575000
vn 0.000000 0.000000 0.000000
v 0.075000 1.175000 -0.575000
vn 0.000000 0.000000 0.000000
v 0.125000 1.125000 -0.575000
vn 0.000000 0.000000 0.000000
v 0.175000 1.125000 -0.575000
vn 0.000000 0.000000 0.000000
v 0.125000 1.175000 -0.575000
vn 0.000000 0.000000 0.000000
v 0.175000 1.175000 -0.575000
vn 0.000000 0.000000 0.000000
v 0.225000 1.075000 -0.575000
vn 0.000000 0.000000 0.000000
v 0.275000 1.075000 -0.575000
vn 0.000000 0.000000 0.000000
v 0.225000 1.025000 -0.525000
vn 0.000000 0.000000 0.000000
v 0.275000 1.025000 -0.525000
vn 0.000000 0.000000 0.000000
v 0.325000 1.075000 -0.575000
vn 0.000000 0.000000 0.000000
v 0.375000 1.075000 -0.575000
vn 0.000000 0.000000 0.000000
v 0.325000 1.025000 -0.525000
vn 0.000000 0.000000 0.000000
v 0.375000 1.025000 -0.525000
vn 0.000000 0.000000 0.000000
v 0.225000 1.125000 -0.575000
vn 0.000000 0.000000 0.000000
v 0.275000 1.125000 -0.575000
vn 0.000000 0.000000 0.000000
v 0.225000 1.175000 -0.575000
vn 0.000000 0.000000 0.000000
v 0.275000 1.175000 -0.575000
vn 0.000000 0.000000 0.000000
v 0.325000 1.125000 -0.575000
vn 0.000000 0.000000 0.000000
v 0.375000 1.125000 -0.575000
vn 0.000000 0.000000 0.000000
v 0.325000 1.175000 -0.575000
vn 0.000000 0.000000 0.000000
v 0.375000 1.175000 -0.575000
vn 0.000000 0.000000 0.000000
v 0.375000 1.125000 -0.525000
vn 0.000000 0.000000 0.000000
v 0.325000 1.025000 -0.475000
vn 0.000000 0.000000 0.000000
v 0.425000 0.975000 -0.525000
vn 0.000000 0.000000 0.000000
v 0.475000 0.975000 -0.525000
vn 0.000000 0.000000 0.000000
v 0.525000 0.975000 -0.525000
vn 0.000000 0.000000 0.000000
v 0.575000 0.975000 -0.525000
vn 0.000000 0.000000 0.000000
v 0.425000 0.975000 -0.475000
vn 0.000000 0.000000 0.000000
v 0.525000 0.975000 -0.475000
vn 0.000000 0.000000 0.000000
v 0.575000 0.975000 -0.475000
vn 0.000000 0.000000 0.000000
v 0.675000 0.975000 -0.525000
vn 0.000000 0.000000 0.000000
v 0.625000 0.875000 -0.425000
vn 0.000000 0.000000 0.000000
v 0.675000 0.875000 -0.425000
vn 0.000000 0.000000 0.000000
v 0.650000 0.950000 -0.450000
vn 0.000000 0.000000 0.000000
v 0.475000 1.025000 -0.575000
vn 0.000000 0.000000 0.000000
v 0.425000 1.075000 -0.575000
vn 0.000000 0.000000 0.000000
v 0.475000 1.075000 -0.575000
vn 0.000000 0.000000 0.000000
v 0.525000 1.025000 -0.575000
vn 0.000000 0.000000 0.000000
v 0.575000 1.025000 -0.575000
vn 0.000000 0.000000 0.000000
v 0.525000 1.075000 -0.575000
vn 0.000000 0.000000 0.000000
v 0.575000 1.075000 -0.575000
vn 0.000000 0.000000 0.000000
v 0.575000 1.075000 -0.525000
vn 0.000000 0.000000 0.000000
v 0.425000 1.125000 -0.575000
vn 0.000000 0.000000 0.000000
v 0.475000 1.125000 -0.575000
vn 0.000000 0.000000 0.000000
v 0.425000 1.175000 -0.575000
vn 0.000000 0.000000 0.000000
v 0.475000 1.175000 -0.575000
vn 0.000000 0.000000 0.000000
v 0.475000 1.125000 -0.525000
vn 0.000000 0.000000 0.000000
v 0.525000 1.125000 -0.575000
vn 0.000000 0.000000 0.000000
v 0.575000 1.125000 -0.575000
vn 0.000000 0.000000 0.000000
v 0.525000 1.175000 -0.575000
vn 0.000000 0.000000 0.000000
v 0.575000 1.175000 -0.575000
vn 0.000000 0.000000 0.000000
v 0.625000 1.025000 -0.575000
vn 0.000000 0.000000 0.000000
v 0.675000 1.025000 -0.575000
vn 0.000000 0.000000 0.000000
v 0.625000 1.075000 -0.575000
vn 0.000000 0.000000 0.000000
v 0.675000 1.075000 -0.575000
vn 0.000000 0.000000 0.000000
v 0.675000 1.025000 -0.525000
vn 0.000000 0.000000 0.000000
v 0.675000 1.075000 -0.525000
vn 0.000000 0.000000 0.000000
v 0.725000 1.075000 -0.575000
vn 0.000000 0.000000 0.000000
v 0.625000 1.125000 -0.575000
vn 0.000000 0.000000 0.000000
v 0.625000 1.175000 -0.575000
vn 0.000000 0.000000 0.000000
v 0.675000 1.175000 -0.575000
vn 0.000000 0.000000 0.000000
v 0.675000 1.125000 -0.525000
vn 0.000000 0.000000 0.000000
v 0.675000 1.175000 -0.525000
vn 0.000000 0.000000 0.000000
v 0.675000 1.025000 -0.475000
vn 0.000000 0.000000 0.000000
v 0.675000 1.075000 -0.475000
vn 0.000000 0.000000 0.000000
v 0.675000 1.025000 -0.425000
vn 0.000000 0.000000 0.000000
v 0.675000 1.075000 -0.425000
vn 0.000000 0.000000 0.000000
v 0.675000 1.125000 -0.475000
vn 0.000000 0.000000 0.000000
v 0.675000 1.175000 -0.475000
vn 0.000000 0.000000 0.000000
v 0.675000 1.125000 -0.425000
vn 0.000000 0.000000 0.000000
v 0.675000 1.175000 -0.425000
vn 0.000000 0.000000 0.000000
v 0.025000 1.225000 -0.575000
vn 0.000000 0.000000 0.000000
v 0.075000 1.225000 -0.575000
vn 0.000000 0.000000 0.000000
v 0.025000 1.275000 -0.575000
vn 0.000000 0.000000 0.000000
v 0.075000 1.275000 -0.575000
vn 0.000000 0.000000 0.000000
v 0.125000 1.225000 -0.575000
vn 0.000000 0.000000 0.000000
v 0.175000 1.225000 -0.575000
vn 0.000000 0.000000 0.000000
v 0.125000 1.275000 -0.575000
vn 0.000000 0.000000 0.000000
v 0.175000 1.275000 -0.575000
vn 0.000000 0.000000 0.000000
v 0.025000 1.325000 -0.575000
vn 0.000000 0.000000 0.000000
v 0.075000 1.325000 -0.575000
vn 0.000000 0.000000 0.000000
v 0.025000 1.325000 -0.525000
vn 0.000000 0.000000 0.000000
v 0.075000 1.325000 -0.525000
vn 0.000000 0.000000 0.000000
v 0.025000 1.375000 -0.525000
vn 0.000000 0.000000 0.000000
v 0.075000 1.375000 -0.525000
vn 0.000000 0.000000 0.000000
v 0.125000 1.325000 -0.575000
vn 0.000000 0.000000 0.000000
v 0.175000 1.325000 -0.575000
vn 0.000000 0.000000 0.000000
v 0.125000 1.325000 -0.525000
vn 0.000000 0.000000 0.000000
v 0.175000 1.325000 -0.525000
vn 0.000000 0.000000 0.000000
v 0.125000 1.375000 -0.525000
vn 0.000000 0.000000 0.000000
v 0.025000 1.375000 -0.475000
vn 0.000000 0.000000 0.000000
v 0.125000 1.325000 -0.475000
vn 0.000000 0.000000 0.000000
v 0.175000 1.325000 -0.475000
vn 0.000000 0.000000 0.000000
v 0.225000 1.225000 -0.575000
vn 0.000000 0.000000 0.000000
v 0.275000 1.225000 -0.575000
vn 0.000000 0.000000 0.000000
v 0.225000 1.275000 -0.575000
vn 0.000000 0.000000 0.000000
v 0.275000 1.275000 -0.575000
vn 0.000000 0.000000 0.000000
v 0.325000 1.225000 -0.575000
vn 0.000000 0.000000 0.000000
v 0.375000 1.225000 -0.575000
vn 0.000000 0.000000 0.000000
v 0.325000 1.275000 -0.575000
vn 0.000000 0.000000 0.000000
v 0.375000 1.275000 -0.575000
vn 0.000000 0.000000 0.000000
v 0.225000 1.325000 -0.575000
vn 0.000000 0.000000 0.000000
v 0.275000 1.325000 -0.575000
vn 0.000000 0.000000 0.000000
v 0.225000 1.325000 -0.525000
vn 0.000000 0.000000 0.000000
v 0.275000 1.325000 -0.525000
vn 0.000000 0.000000 0.000000
v 0.325000 1.325000 -0.575000
vn 0.000000 0.000000 0.000000
v 0.375000 1.325000 -0.575000
vn 0.000000 0.000000 0.000000
v 0.325000 1.325000 -0.525000
vn 0.000000 0.000000 0.000000
v 0.375000 1.325000 -0.525000
vn 0.000000 0.000000 0.000000
v 0.225000 1.325000 -0.475000
vn 0.000000 0.000000 0.000000
v 0.375000 1.325000 -0.475000
vn 0.000000 0.000000 0.000000
v 0.425000 1.225000 -0.575000
vn 0.000000 0.000000 0.000000
v 0.475000 1.225000 -0.575000
vn 0.000000 0.000000 0.000000
v 0.425000 1.275000 -0.575000
vn 0.000000 0.000000 0.000000
v 0.475000 1.275000 -0.575000
vn 0.000000 0.000000 0.000000
v 0.525000 1.225000 -0.575000
vn 0.000000 0.000000 0.000000
v 0.575000 1.225000 -0.575000
vn 0.000000 0.000000 0.000000
v 0.525000 1.275000 -0.575000
vn 0.000000 0.000000 0.000000
v 0.575000 1.275000 -0.575000
vn 0.000000 0.000000 0.000000
v 0.425000 1.325000 -0.575000
vn 0.000000 0.000000 0.000000
v 0.475000 1.325000 -0.575000
vn 0.000000 0.000000 0.000000
v 0.425000 1.325000 -0.525000
vn 0.000000 0.000000 0.000000
v 0.475000 1.325000 -0.525000
vn 0.000000 0.000000 0.000000
v 0.525000 1.325000 -0.575000
vn 0.000000 0.000000 0.000000
v 0.575000 1.325000 -0.575000
vn 0.000000 0.000000 0.000000
v 0.525000 1.325000 -0.525000
vn 0.000000 0.000000 0.000000
v 0.575000 1.325000 -0.525000
vn 0.000000 0.000000 0.000000
v 0.575000 1.325000 -0.475000
vn 0.000000 0.000000 0.000000
v 0.625000 1.225000 -0.575000
vn 0.000000 0.000000 0.000000
v 0.675000 1.225000 -0.575000
vn 0.000000 0.000000 0.000000
v 0.625000 1.275000 -0.575000
vn 0.000000 0.000000 0.000000
v 0.675000 1.275000 -0.575000
vn 0.000000 0.000000 0.000000
v 0.675000 1.225000 -0.525000
vn 0.000000 0.000000 0.000000
v 0.675000 1.275000 -0.525000
vn 0.000000 0.000000 0.000000
v 0.625000 1.325000 -0.575000
vn 0.000000 0.000000 0.000000
v 0.675000 1.325000 -0.575000
vn 0.000000 0.000000 0.000000
v 0.625000 1.325000 -0.525000
vn 0.000000 0.000000 0.000000
v 0.675000 1.325000 -0.525000
vn 0.000000 0.000000 0.000000
v 0.675000 1.225000 -0.475000
vn 0.000000 0.000000 0.000000
v 0.675000 1.275000 -0.475000
vn 0.000000 0.000000 0.000000
v 0.675000 1.225000 -0.425000
vn 0.000000 0.000000 0.000000
v 0.675000 1.325000 -0.475000
vn 0.000000 0.000000 0.000000
v 0.025000 0.825000 -0.075000
vn 0.000000 0.000000 0.000000
v 0.075000 0.825000 -0.075000
vn 0.000000 0.000000 0.000000
v 0.025000 0.875000 -0.075000
vn 0.000000 0.000000 0.000000
v 0.075000 0.875000 -0.075000
vn 0.000000 0.000000 0.000000
v 0.125000 0.825000 -0.075000
vn 0.000000 0.000000 0.000000
v 0.175000 0.825000 -0.075000
vn 0.000000 0.000000 0.000000
v 0.125000 0.875000 -0.075000
vn 0.000000 0.000000 0.000000
v 0.175000 0.875000 -0.075000
vn 0.000000 0.000000 0.000000
v 0.125000 0.825000 -0.025000
vn 0.000000 0.000000 0.000000
v 0.175000 0.825000 -0.025000
vn 0.000000 0.000000 0.000000
v 0.025000 0.925000 -0.075000
vn 0.000000 0.000000 0.000000
v 0.075000 0.925000 -0.075000
vn 0.000000 0.000000 0.000000
v 0.025000 0.975000 -0.075000
vn 0.000000 0.000000 0.000000
v 0.075000 0.975000 -0.075000
vn 0.000000 0.000000 0.000000
v 0.025000 0.975000 -0.025000
vn 0.000000 0.000000 0.000000
v 0.150000 0.950000 -0.050000
vn 0.000000 0.000000 0.000000
v 0.225000 0.825000 -0.075000
vn 0.000000 0.000000 0.000000
v 0.275000 0.825000 -0.075000
vn 0.000000 0.000000 0.000000
v 0.225000 0.875000 -0.075000
vn 0.000000 0.000000 0.000000
v 0.275000 0.875000 -0.075000
vn 0.000000 0.000000 0.000000
v 0.225000 0.825000 -0.025000
vn 0.000000 0.000000 0.000000
v 0.275000 0.825000 -0.025000
vn 0.000000 0.000000 0.000000
v 0.225000 0.875000 -0.025000
vn 0.000000 0.000000 0.000000
v 0.325000 0.825000 -0.075000
vn 0.000000 0.000000 0.000000
v 0.375000 0.825000 -0.075000
vn 0.000000 0.000000 0.000000
v 0.325000 0.875000 -0.075000
vn 0.000000 0.000000 0.000000
v 0.375000 0.875000 -0.075000
vn 0.000000 0.000000 0.000000
v 0.375000 0.825000 -0.025000
vn 0.000000 0.000000 0.000000
v 0.375000 0.875000 -0.025000
vn 0.000000 0.000000 0.000000
v 0.225000 0.925000 -0.075000
vn 0.000000 0.000000 0.000000
v 0.275000 0.925000 -0.075000
vn 0.000000 0.000000 0.000000
v 0.225000 0.975000 -0.075000
vn 0.000000 0.000000 0.000000
v 0.275000 0.975000 -0.075000
vn 0.000000 0.000000 0.000000
v 0.225000 0.975000 -0.025000
vn 0.000000 0.000000 0.000000
v 0.275000 0.975000 -0.025000
vn 0.000000 0.000000 0.000000
v 0.325000 0.925000 -0.075000
vn 0.000000 0.000000 0.000000
v 0.375000 0.925000 -0.075000
vn 0.000000 0.000000 0.000000
v 0.325000 0.975000 -0.075000
vn 0.000000 0.000000 0.000000
v 0.375000 0.975000 -0.075000
vn 0.000000 0.000000 0.000000
v 0.375000 0.925000 -0.025000
vn 0.000000 0.000000 0.000000
v 0.325000 0.975000 -0.025000
vn 0.000000 0.000000 0.000000
v 0.375000 0.975000 -0.025000
vn 0.000000 0.000000 0.000000
v 0.025000 1.025000 -0.075000
vn 0.000000 0.000000 0.000000
v 0.075000 1.025000 -0.075000
vn 0.000000 0.000000 0.000000
v 0.025000 1.075000 -0.075000
vn 0.000000 0.000000 0.000000
v 0.075000 1.075000 -0.075000
vn 0.000000 0.000000 0.000000
v 0.125000 1.025000 -0.075000
vn 0.000000 0.000000 0.000000
v 0.175000 1.025000 -0.075000
vn 0.000000 0.000000 0.000000
v 0.125000 1.075000 -0.075000
vn 0.000000 0.000000 0.000000
v 0.175000 1.075000 -0.075000
vn 0.000000 0.000000 0.000000
v 0.025000 1.125000 -0.075000
vn 0.000000 0.000000 0.000000
v 0.075000 1.125000 -0.075000
vn 0.000000 0.000000 0.000000
v 0.025000 1.175000 -0.075000
vn 0.000000 0.000000 0.000000
v 0.075000 1.175000 -0.075000
vn 0.000000 0.000000 0.000000
v 0.125000 1.125000 -0.075000
vn 0.000000 0.000000 0.000000
v 0.175000 1.125000 -0.075000
vn 0.000000 0.000000 0.000000
v 0.125000 1.175000 -0.075000
vn 0.000000 0.000000 0.000000
v 0.175000 1.175000 -0.075000
vn 0.000000 0.000000 0.000000
v 0.225000 1.175000 -0.125000
vn 0.000000 0.000000 0.000000
v 0.275000 1.175000 -0.125000
vn 0.000000 0.000000 0.000000
v 0.225000 1.025000 -0.075000
vn 0.000000 0.000000 0.000000
v 0.275000 1.025000 -0.075000
vn 0.000000 0.000000 0.000000
v 0.225000 1.075000 -0.075000
vn 0.000000 0.000000 0.000000
v 0.275000 1.075000 -0.075000
vn 0.000000 0.000000 0.000000
v 0.275000 1.025000 -0.025000
vn 0.000000 0.000000 0.000000
v 0.325000 1.025000 -0.075000
vn 0.000000 0.000000 0.000000
v 0.375000 1.025000 -0.075000
vn 0.000000 0.000000 0.000000
v 0.375000 1.075000 -0.075000
vn 0.000000 0.000000 0.000000
v 0.325000 1.025000 -0.025000
vn 0.000000 0.000000 0.000000
v 0.375000 1.025000 -0.025000
vn 0.000000 0.000000 0.000000
v 0.225000 1.125000 -0.075000
vn 0.000000 0.000000 0.000000
v 0.275000 1.125000 -0.075000
vn 0.000000 0.000000 0.000000
v 0.225000 1.175000 -0.075000
vn 0.000000 0.000000 0.000000
v 0.275000 1.175000 -0.075000
vn 0.000000 0.000000 0.000000
v 0.375000 1.125000 -0.075000
vn 0.000000 0.000000 0.000000
v 0.375000 1.175000 -0.075000
vn 0.000000 0.000000 0.000000
v 0.575000 0.875000 -0.275000
vn 0.000000 0.000000 0.000000
v 0.575000 0.875000 -0.225000
vn 0.000000 0.000000 0.000000
v 0.675000 0.825000 -0.375000
vn 0.000000 0.000000 0.000000
v 0.675000 0.875000 -0.375000
vn 0.000000 0.000000 0.000000
v 0.675000 0.825000 -0.325000
vn 0.000000 0.000000 0.000000
v 0.675000 0.875000 -0.325000
vn 0.000000 0.000000 0.000000
v 0.675000 0.925000 -0.375000
vn 0.000000 0.000000 0.000000
v 0.675000 0.975000 -0.375000
vn 0.000000 0.000000 0.000000
v 0.675000 0.925000 -0.325000
vn 0.000000 0.000000 0.000000
v 0.675000 0.975000 -0.325000
vn 0.000000 0.000000 0.000000
v 0.675000 0.825000 -0.275000
vn 0.000000 0.000000 0.000000
v 0.625000 0.875000 -0.275000
vn 0.000000 0.000000 0.000000
v 0.675000 0.875000 -0.275000
vn 0.000000 0.000000 0.000000
v 0.625000 0.825000 -0.225000
vn 0.000000 0.000000 0.000000
v 0.675000 0.825000 -0.225000
vn 0.000000 0.000000 0.000000
v 0.625000 0.875000 -0.225000
vn 0.000000 0.000000 0.000000
v 0.675000 0.875000 -0.225000
vn 0.000000 0.000000 0.000000
v 0.675000 0.925000 -0.275000
vn 0.000000 0.000000 0.000000
v 0.675000 0.975000 -0.275000
vn 0.000000 0.000000 0.000000
v 0.625000 0.925000 -0.225000
vn 0.000000 0.000000 0.000000
v 0.675000 0.925000 -0.225000
vn 0.000000 0.000000 0.000000
v 0.675000 0.975000 -0.225000
vn 0.000000 0.000000 0.000000
v 0.675000 1.025000 -0.375000
vn 0.000000 0.000000 0.000000
v 0.675000 1.075000 -0.375000
vn 0.000000 0.000000 0.000000
v 0.675000 1.025000 -0.325000
vn 0.000000 0.000000 0.000000
v 0.675000 1.075000 -0.325000
vn 0.000000 0.000000 0.000000
v 0.675000 1.125000 -0.375000
vn 0.000000 0.000000 0.000000
v 0.675000 1.175000 -0.375000
vn 0.000000 0.000000 0.000000
v 0.675000 1.125000 -0.325000
vn 0.000000 0.000000 0.000000
v 0.675000 1.025000 -0.275000
vn 0.000000 0.000000 0.000000
v 0.575000 0.825000 -0.175000
vn 0.000000 0.000000 0.000000
v 0.575000 0.825000 -0.125000
vn 0.000000 0.000000 0.000000
v 0.450000 0.850000 -0.050000
vn 0.000000 0.000000 0.000000
v 0.550000 0.850000 -0.050000
vn 0.000000 0.000000 0.000000
v 0.425000 0.925000 -0.075000
vn 0.000000 0.000000 0.000000
v 0.475000 0.925000 -0.075000
vn 0.000000 0.000000 0.000000
v 0.425000 0.975000 -0.075000
vn 0.000000 0.000000 0.000000
v 0.475000 0.975000 -0.075000
vn 0.000000 0.000000 0.000000
v 0.475000 0.925000 -0.025000
vn 0.000000 0.000000 0.000000
v 0.425000 0.975000 -0.025000
vn 0.000000 0.000000 0.000000
v 0.475000 0.975000 -0.025000
vn 0.000000 0.000000 0.000000
v 0.550000 0.950000 -0.050000
vn 0.000000 0.000000 0.000000
v 0.625000 0.825000 -0.175000
vn 0.000000 0.000000 0.000000
v 0.675000 0.825000 -0.175000
vn 0.000000 0.000000 0.000000
v 0.675000 0.875000 -0.175000
vn 0.000000 0.000000 0.000000
v 0.625000 0.825000 -0.125000
vn 0.000000 0.000000 0.000000
v 0.675000 0.825000 -0.125000
vn 0.000000 0.000000 0.000000
v 0.650000 0.850000 -0.050000
vn 0.000000 0.000000 0.000000
v 0.650000 0.950000 -0.050000
vn 0.000000 0.000000 0.000000
v 0.475000 1.125000 -0.125000
vn 0.000000 0.000000 0.000000
v 0.425000 1.175000 -0.125000
vn 0.000000 0.000000 0.000000
v 0.475000 1.175000 -0.125000
vn 0.000000 0.000000 0.000000
v 0.525000 1.175000 -0.125000
vn 0.000000 0.000000 0.000000
v 0.575000 1.175000 -0.125000
vn 0.000000 0.000000 0.000000
v 0.425000 1.025000 -0.075000
vn 0.000000 0.000000 0.000000
v 0.475000 1.025000 -0.075000
vn 0.000000 0.000000 0.000000
v 0.425000 1.075000 -0.075000
vn 0.000000 0.000000 0.000000
v 0.475000 1.075000 -0.075000
vn 0.000000 0.000000 0.000000
v 0.525000 1.025000 -0.075000
vn 0.000000 0.000000 0.000000
v 0.575000 1.025000 -0.075000
vn 0.000000 0.000000 0.000000
v 0.525000 1.075000 -0.075000
vn 0.000000 0.000000 0.000000
v 0.575000 1.075000 -0.075000
vn 0.000000 0.000000 0.000000
v 0.425000 1.125000 -0.075000
vn 0.000000 0.000000 0.000000
v 0.475000 1.125000 -0.075000
vn 0.000000 0.000000 0.000000
v 0.425000 1.175000 -0.075000
vn 0.000000 0.000000 0.000000
v 0.475000 1.175000 -0.075000
vn 0.000000 0.000000 0.000000
v 0.525000 1.125000 -0.075000
vn 0.000000 0.000000 0.000000
v 0.575000 1.125000 -0.075000
vn 0.000000 0.000000 0.000000
v 0.525000 1.175000 -0.075000
vn 0.000000 0.000000 0.000000
v 0.575000 1.175000 -0.075000
vn 0.000000 0.000000 0.000000
v 0.625000 1.075000 -0.125000
vn 0.000000 0.000000 0.000000
v 0.675000 1.075000 -0.125000
vn 0.000000 0.000000 0.000000
v 0.625000 1.125000 -0.125000
vn 0.000000 0.000000 0.000000
v 0.675000 1.125000 -0.125000
vn 0.000000 0.000000 0.000000
v 0.625000 1.175000 -0.125000
vn 0.000000 0.000000 0.000000
v 0.675000 1.175000 -0.125000
vn 0.000000 0.000000 0.000000
v 0.650000 1.050000 -0.050000
vn 0.000000 0.000000 0.000000
v 0.625000 1.125000 -0.075000
vn 0.000000 0.000000 0.000000
v 0.675000 1.125000 -0.075000
vn 0.000000 0.000000 0.000000
v 0.625000 1.175000 -0.075000
vn 0.000000 0.000000 0.000000
v 0.675000 1.175000 -0.075000
vn 0.000000 0.000000 0.000000
v 0.675000 1.125000 -0.025000
vn 0.000000 0.000000 0.000000
v 0.675000 1.175000 -0.025000
vn 0.000000 0.000000 0.000000
v 0.025000 1.325000 -0.175000
vn 0.000000 0.000000 0.000000
v 0.025000 1.325000 -0.125000
vn 0.000000 0.000000 0.000000
v 0.075000 1.325000 -0.125000
vn 0.000000 0.000000 0.000000
v 0.075000 1.375000 -0.125000
vn 0.000000 0.000000 0.000000
v 0.125000 1.325000 -0.125000
vn 0.000000 0.000000 0.000000
v 0.175000 1.325000 -0.125000
vn 0.000000 0.000000 0.000000
v 0.025000 1.225000 -0.075000
vn 0.000000 0.000000 0.000000
v 0.075000 1.225000 -0.075000
vn 0.000000 0.000000 0.000000
v 0.025000 1.275000 -0.075000
vn 0.000000 0.000000 0.000000
v 0.075000 1.275000 -0.075000
vn 0.000000 0.000000 0.000000
v 0.125000 1.225000 -0.075000
vn 0.000000 0.000000 0.000000
v 0.175000 1.225000 -0.075000
vn 0.000000 0.000000 0.000000
v 0.125000 1.275000 -0.075000
vn 0.000000 0.000000 0.000000
v 0.175000 1.275000 -0.075000
vn 0.000000 0.000000 0.000000
v 0.025000 1.325000 -0.075000
vn 0.000000 0.000000 0.000000
v 0.075000 1.325000 -0.075000
vn 0.000000 0.000000 0.000000
v 0.025000 1.375000 -0.075000
vn 0.000000 0.000000 0.000000
v 0.025000 1.325000 -0.025000
vn 0.000000 0.000000 0.000000
v 0.075000 1.325000 -0.025000
vn 0.000000 0.000000 0.000000
v 0.025000 1.375000 -0.025000
vn 0.000000 0.000000 0.000000
v 0.075000 1.375000 -0.025000
vn 0.000000 0.000000 0.000000
v 0.125000 1.325000 -0.075000
vn 0.000000 0.000000 0.000000
v 0.175000 1.325000 -0.075000
vn 0.000000 0.000000 0.000000
v 0.125000 1.325000 -0.025000
vn 0.000000 0.000000 0.000000
v 0.175000 1.325000 -0.025000
vn 0.000000 0.000000 0.000000
v 0.225000 1.275000 -0.125000
vn 0.000000 0.000000 0.000000
v 0.375000 1.275000 -0.125000
vn 0.000000 0.000000 0.000000
v 0.225000 1.325000 -0.125000
vn 0.000000 0.000000 0.000000
v 0.275000 1.325000 -0.125000
vn 0.000000 0.000000 0.000000
v 0.325000 1.325000 -0.125000
vn 0.000000 0.000000 0.000000
v 0.375000 1.325000 -0.125000
vn 0.000000 0.000000 0.000000
v 0.225000 1.225000 -0.075000
vn 0.000000 0.000000 0.000000
v 0.275000 1.225000 -0.075000
vn 0.000000 0.000000 0.000000
v 0.225000 1.275000 -0.075000
vn 0.000000 0.000000 0.000000
v 0.225000 1.325000 -0.075000
vn 0.000000 0.000000 0.000000
v 0.275000 1.325000 -0.075000
vn 0.000000 0.000000 0.000000
v 0.225000 1.325000 -0.025000
vn 0.000000 0.000000 0.000000
v 0.275000 1.325000 -0.025000
vn 0.000000 0.000000 0.000000
v 0.325000 1.325000 -0.075000
vn 0.000000 0.000000 0.000000
v 0.375000 1.325000 -0.075000
vn 0.000000 0.000000 0.000000
v 0.325000 1.325000 -0.025000
vn 0.000000 0.000000 0.000000
v 0.375000 1.325000 -0.025000
vn 0.000000 0.000000 0.000000
v 0.475000 1.225000 -0.125000
vn 0.000000 0.000000 0.000000
v 0.425000 1.275000 -0.125000
vn 0.000000 0.000000 0.000000
v 0.475000 1.275000 -0.125000
vn 0.000000 0.000000 0.000000
v 0.525000 1.225000 -0.125000
vn 0.000000 0.000000 0.000000
v 0.525000 1.275000 -0.125000
vn 0.000000 0.000000 0.000000
v 0.575000 1.275000 -0.125000
vn 0.000000 0.000000 0.000000
v 0.425000 1.325000 -0.125000
vn 0.000000 0.000000 0.000000
v 0.475000 1.325000 -0.125000
vn 0.000000 0.000000 0.000000
v 0.525000 1.325000 -0.125000
vn 0.000000 0.000000 0.000000
v 0.575000 1.325000 -0.125000
vn 0.000000 0.000000 0.000000
v 0.475000 1.225000 -0.075000
vn 0.000000 0.000000 0.000000
v 0.575000 1.225000 -0.075000
vn 0.000000 0.000000 0.000000
v 0.425000 1.325000 -0.075000
vn 0.000000 0.000000 0.000000
v 0.475000 1.325000 -0.075000
vn 0.000000 0.000000 0.000000
v 0.425000 1.325000 -0.025000
vn 0.000000 0.000000 0.000000
v 0.475000 1.325000 -0.025000
vn 0.000000 0.000000 0.000000
v 0.525000 1.325000 -0.075000
vn 0.000000 0.000000 0.000000
v 0.575000 1.325000 -0.075000
vn 0.000000 0.000000 0.000000
v 0.525000 1.325000 -0.025000
vn 0.000000 0.000000 0.000000
v 0.575000 1.325000 -0.025000
vn 0.000000 0.000000 0.000000
v 0.625000 1.225000 -0.125000
vn 0.000000 0.000000 0.000000
v 0.675000 1.225000 -0.125000
vn 0.000000 0.000000 0.000000
v 0.625000 1.275000 -0.125000
vn 0.000000 0.000000 0.000000
v 0.675000 1.275000 -0.125000
vn 0.000000 0.000000 0.000000
v 0.625000 1.325000 -0.125000
vn 0.000000 0.000000 0.000000
v 0.675000 1.325000 -0.125000
vn 0.000000 0.000000 0.000000
v 0.675000 1.225000 -0.075000
vn 0.000000 0.000000 0.000000
v 0.675000 1.275000 -0.075000
vn 0.000000 0.000000 0.000000
v 0.675000 1.225000 -0.025000
vn 0.000000 0.000000 0.000000
v 0.675000 1.275000 -0.025000
vn 0.000000 0.000000 0.000000
v 0.725000 1.275000 -0.075000
vn 0.000000 0.000000 0.000000
v 0.725000 1.275000 -0.025000
vn 0.000000 0.000000 0.000000
v 0.625000 1.325000 -0.075000
vn 0.000000 0.000000 0.000000
v 0.675000 1.325000 -0.075000
vn 0.000000 0.000000 0.000000
v 0.625000 1.325000 -0.025000
vn 0.000000 0.000000 0.000000
v 0.675000 1.325000 -0.025000
vn 0.000000 0.000000 0.000000
v 0.725000 1.325000 -0.075000
vn 0.000000 0.000000 0.000000
v 0.725000 1.325000 -0.025000
vn 0.000000 0.000000 0.000000
v -0.425000 0.775000 0.025000
vn 0.000000 0.000000 0.000000
v -0.425000 0.775000 0.075000
vn 0.000000 0.000000 0.000000
v -0.425000 0.775000 0.125000
vn 0.000000 0.000000 0.000000
v -0.375000 0.775000 0.025000
vn 0.000000 0.000000 0.000000
v -0.325000 0.775000 0.025000
vn 0.000000 0.000000 0.000000
v -0.375000 0.775000 0.075000
vn 0.000000 0.000000 0.000000
v -0.325000 0.775000 0.075000
vn 0.000000 0.000000 0.000000
v -0.275000 0.725000 0.025000
vn 0.000000 0.000000 0.000000
v -0.275000 0.775000 0.025000
vn 0.000000 0.000000 0.000000
v -0.275000 0.775000 0.075000
vn 0.000000 0.000000 0.000000
v -0.375000 0.775000 0.125000
vn 0.000000 0.000000 0.000000
v -0.325000 0.775000 0.125000
vn 0.000000 0.000000 0.000000
v -0.375000 0.775000 0.175000
vn 0.000000 0.000000 0.000000
v -0.325000 0.775000 0.175000
vn 0.000000 0.000000 0.000000
v -0.275000 0.725000 0.125000
vn 0.000000 0.000000 0.000000
v -0.275000 0.775000 0.125000
vn 0.000000 0.000000 0.000000
v -0.275000 0.775000 0.175000
vn 0.000000 0.000000 0.000000
v -0.375000 0.775000 0.225000
vn 0.000000 0.000000 0.000000
v -0.325000 0.775000 0.225000
vn 0.000000 0.000000 0.000000
v -0.325000 0.775000 0.275000
vn 0.000000 0.000000 0.000000
v -0.275000 0.775000 0.225000
vn 0.000000 0.000000 0.000000
v -0.275000 0.775000 0.275000
vn 0.000000 0.000000 0.000000
v -0.325000 0.775000 0.325000
vn 0.000000 0.000000 0.000000
v -0.325000 0.775000 0.375000
vn 0.000000 0.000000 0.000000
v -0.275000 0.775000 0.325000
vn 0.000000 0.000000 0.000000
v -0.275000 0.775000 0.375000
vn 0.000000 0.000000 0.000000
v -0.275000 0.775000 0.425000
vn 0.000000 0.000000 0.000000
v -0.275000 0.775000 0.475000
vn 0.000000 0.000000 0.000000
v -0.275000 0.775000 0.525000
vn 0.000000 0.000000 0.000000
v -0.275000 0.825000 0.025000
vn 0.000000 0.000000 0.000000
v -0.275000 0.875000 0.025000
vn 0.000000 0.000000 0.000000
v -0.225000 0.875000 0.025000
vn 0.000000 0.000000 0.000000
v -0.275000 0.825000 0.075000
vn 0.000000 0.000000 0.000000
v -0.275000 0.875000 0.075000
vn 0.000000 0.000000 0.000000
v -0.250000 0.950000 0.050000
vn 0.000000 0.000000 0.000000
v -0.275000 0.875000 0.125000
vn 0.000000 0.000000 0.000000
v -0.275000 0.925000 0.125000
vn 0.000000 0.000000 0.000000
v -0.225000 0.925000 0.125000
vn 0.000000 0.000000 0.000000
v -0.275000 0.975000 0.125000
vn 0.000000 0.000000 0.000000
v -0.225000 0.975000 0.125000
vn 0.000000 0.000000 0.000000
v -0.275000 0.925000 0.175000
vn 0.000000 0.000000 0.000000
v -0.225000 0.925000 0.175000
vn 0.000000 0.000000 0.000000
v -0.225000 0.975000 0.175000
vn 0.000000 0.000000 0.000000
v -0.175000 0.925000 0.025000
vn 0.000000 0.000000 0.000000
v -0.075000 0.925000 0.025000
vn 0.000000 0.000000 0.000000
v -0.275000 1.025000 0.025000
vn 0.000000 0.000000 0.000000
v -0.225000 1.025000 0.025000
vn 0.000000 0.000000 0.000000
v -0.225000 1.075000 0.025000
vn 0.000000 0.000000 0.000000
v -0.275000 1.025000 0.075000
vn 0.000000 0.000000 0.000000
v -0.225000 1.025000 0.075000
vn 0.000000 0.000000 0.000000
v -0.225000 1.075000 0.075000
vn 0.000000 0.000000 0.000000
v -0.225000 1.125000 0.025000
vn 0.000000 0.000000 0.000000
v -0.225000 1.175000 0.025000
vn 0.000000 0.000000 0.000000
v -0.225000 1.125000 0.075000
vn 0.000000 0.000000 0.000000
v -0.225000 1.175000 0.075000
vn 0.000000 0.000000 0.000000
v -0.225000 1.025000 0.125000
vn 0.000000 0.000000 0.000000
v -0.225000 1.075000 0.125000
vn 0.000000 0.000000 0.000000
v -0.225000 1.025000 0.175000
vn 0.000000 0.000000 0.000000
v -0.225000 1.075000 0.175000
vn 0.000000 0.000000 0.000000
v -0.225000 1.125000 0.125000
vn 0.000000 0.000000 0.000000
v -0.225000 1.175000 0.125000
vn 0.000000 0.000000 0.000000
v -0.225000 1.125000 0.175000
vn 0.000000 0.000000 0.000000
v -0.225000 1.175000 0.175000
vn 0.000000 0.000000 0.000000
v -0.275000 0.825000 0.225000
vn 0.000000 0.000000 0.000000
v -0.225000 0.825000 0.225000
vn 0.000000 0.000000 0.000000
v -0.275000 0.875000 0.225000
vn 0.000000 0.000000 0.000000
v -0.225000 0.875000 0.225000
vn 0.000000 0.000000 0.000000
v -0.275000 0.825000 0.275000
vn 0.000000 0.000000 0.000000
v -0.275000 0.875000 0.275000
vn 0.000000 0.000000 0.000000
v -0.275000 0.925000 0.225000
vn 0.000000 0.000000 0.000000
v -0.225000 0.925000 0.225000
vn 0.000000 0.000000 0.000000
v -0.275000 0.975000 0.225000
vn 0.000000 0.000000 0.000000
v -0.225000 0.975000 0.225000
vn 0.000000 0.000000 0.000000
v -0.275000 0.925000 0.275000
vn 0.000000 0.000000 0.000000
v -0.275000 0.975000 0.275000
vn 0.000000 0.000000 0.000000
v -0.275000 0.825000 0.325000
vn 0.000000 0.000000 0.000000
v -0.275000 0.875000 0.325000
vn 0.000000 0.000000 0.000000
v -0.275000 0.825000 0.375000
vn 0.000000 0.000000 0.000000
v -0.275000 0.875000 0.375000
vn 0.000000 0.000000 0.000000
v -0.275000 0.925000 0.325000
vn 0.000000 0.000000 0.000000
v -0.275000 0.975000 0.325000
vn 0.000000 0.000000 0.000000
v -0.275000 0.925000 0.375000
vn 0.000000 0.000000 0.000000
v -0.275000 0.975000 0.375000
vn 0.000000 0.000000 0.000000
v -0.175000 0.825000 0.225000
vn 0.000000 0.000000 0.000000
v -0.125000 0.825000 0.225000
vn 0.000000 0.000000 0.000000
v -0.175000 0.875000 0.225000
vn 0.000000 0.000000 0.000000
v -0.125000 0.875000 0.225000
vn 0.000000 0.000000 0.000000
v -0.125000 0.875000 0.275000
vn 0.000000 0.000000 0.000000
v -0.075000 0.825000 0.225000
vn 0.000000 0.000000 0.000000
v -0.025000 0.825000 0.225000
vn 0.000000 0.000000 0.000000
v -0.075000 0.875000 0.225000
vn 0.000000 0.000000 0.000000
v -0.025000 0.875000 0.225000
vn 0.000000 0.000000 0.000000
v -0.025000 0.825000 0.275000
vn 0.000000 0.000000 0.000000
v -0.075000 0.875000 0.275000
vn 0.000000 0.000000 0.000000
v -0.025000 0.875000 0.275000
vn 0.000000 0.000000 0.000000
v -0.175000 0.925000 0.225000
vn 0.000000 0.000000 0.000000
v -0.125000 0.925000 0.225000
vn 0.000000 0.000000 0.000000
v -0.175000 0.975000 0.225000
vn 0.000000 0.000000 0.000000
v -0.125000 0.975000 0.225000
vn 0.000000 0.000000 0.000000
v -0.125000 0.925000 0.275000
vn 0.000000 0.000000 0.000000
v -0.075000 0.925000 0.225000
vn 0.000000 0.000000 0.000000
v -0.075000 0.975000 0.225000
vn 0.000000 0.000000 0.000000
v -0.025000 0.975000 0.225000
vn 0.000000 0.000000 0.000000
v -0.075000 0.925000 0.275000
vn 0.000000 0.000000 0.000000
v -0.025000 0.925000 0.275000
vn 0.000000 0.000000 0.000000
v -0.075000 0.975000 0.275000
vn 0.000000 0.000000 0.000000
v -0.025000 0.975000 0.275000
vn 0.000000 0.000000 0.000000
v -0.275000 1.025000 0.225000
vn 0.000000 0.000000 0.000000
v -0.225000 1.025000 0.225000
vn 0.000000 0.000000 0.000000
v -0.275000 1.075000 0.225000
vn 0.000000 0.000000 0.000000
v -0.225000 1.075000 0.225000
vn 0.000000 0.000000 0.000000
v -0.275000 1.025000 0.275000
vn 0.000000 0.000000 0.000000
v -0.275000 1.075000 0.275000
vn 0.000000 0.000000 0.000000
v -0.275000 1.125000 0.225000
vn 0.000000 0.000000 0.000000
v -0.225000 1.125000 0.225000
vn 0.000000 0.000000 0.000000
v -0.225000 1.175000 0.225000
vn 0.000000 0.000000 0.000000
v -0.225000 1.125000 0.275000
vn 0.000000 0.000000 0.000000
v -0.225000 1.175000 0.275000
vn 0.000000 0.000000 0.000000
v -0.275000 1.025000 0.325000
vn 0.000000 0.000000 0.000000
v -0.275000 1.075000 0.325000
vn 0.000000 0.000000 0.000000
v -0.225000 1.075000 0.325000
vn 0.000000 0.000000 0.000000
v -0.275000 1.025000 0.375000
vn 0.000000 0.000000 0.000000
v -0.275000 1.075000 0.375000
vn 0.000000 0.000000 0.000000
v -0.225000 1.075000 0.375000
vn 0.000000 0.000000 0.000000
v -0.275000 1.125000 0.325000
vn 0.000000 0.000000 0.000000
v -0.225000 1.125000 0.325000
vn 0.000000 0.000000 0.000000
v -0.225000 1.175000 0.325000
vn 0.000000 0.000000 0.000000
v -0.225000 1.125000 0.375000
vn 0.000000 0.000000 0.000000
v -0.225000 1.175000 0.375000
vn 0.000000 0.000000 0.000000
v -0.175000 1.025000 0.225000
vn 0.000000 0.000000 0.000000
v -0.125000 1.025000 0.225000
vn 0.000000 0.000000 0.000000
v -0.175000 1.075000 0.225000
vn 0.000000 0.000000 0.000000
v -0.125000 1.075000 0.225000
vn 0.000000 0.000000 0.000000
v -0.075000 1.025000 0.225000
vn 0.000000 0.000000 0.000000
v -0.025000 1.025000 0.225000
vn 0.000000 0.000000 0.000000
v -0.075000 1.075000 0.225000
vn 0.000000 0.000000 0.000000
v -0.025000 1.075000 0.225000
vn 0.000000 0.000000 0.000000
v -0.175000 1.125000 0.225000
vn 0.000000 0.000000 0.000000
v -0.125000 1.125000 0.225000
vn 0.000000 0.000000 0.000000
v -0.175000 1.175000 0.225000
vn 0.000000 0.000000 0.000000
v -0.125000 1.175000 0.225000
vn 0.000000 0.000000 0.000000
v -0.075000 1.125000 0.225000
vn 0.000000 0.000000 0.000000
v -0.025000 1.125000 0.225000
vn 0.000000 0.000000 0.000000
v -0.075000 1.175000 0.225000
vn 0.000000 0.000000 0.000000
v -0.025000 1.175000 0.225000
vn 0.000000 0.000000 0.000000
v -0.225000 1.225000 0.025000
vn 0.000000 0.000000 0.000000
v -0.225000 1.275000 0.025000
vn 0.000000 0.000000 0.000000
v -0.225000 1.225000 0.075000
vn 0.000000 0.000000 0.000000
v -0.225000 1.275000 0.075000
vn 0.000000 0.000000 0.000000
v -0.225000 1.325000 0.025000
vn 0.000000 0.000000 0.000000
v -0.225000 1.375000 0.025000
vn 0.000000 0.000000 0.000000
v -0.275000 1.325000 0.075000
vn 0.000000 0.000000 0.000000
v -0.225000 1.325000 0.075000
vn 0.000000 0.000000 0.000000
v -0.225000 1.375000 0.075000
vn 0.000000 0.000000 0.000000
v -0.225000 1.225000 0.125000
vn 0.000000 0.000000 0.000000
v -0.225000 1.225000 0.175000
vn 0.000000 0.000000 0.000000
v -0.225000 1.325000 0.125000
vn 0.000000 0.000000 0.000000
v -0.225000 1.375000 0.125000
vn 0.000000 0.000000 0.000000
v -0.225000 1.325000 0.175000
vn 0.000000 0.000000 0.000000
v -0.225000 1.375000 0.175000
vn 0.000000 0.000000 0.000000
v -0.175000 1.225000 0.025000
vn 0.000000 0.000000 0.000000
v -0.175000 1.275000 0.025000
vn 0.000000 0.000000 0.000000
v -0.175000 1.225000 0.075000
vn 0.000000 0.000000 0.000000
v -0.175000 1.275000 0.075000
vn 0.000000 0.000000 0.000000
v -0.175000 1.325000 0.025000
vn 0.000000 0.000000 0.000000
v -0.175000 1.375000 0.025000
vn 0.000000 0.000000 0.000000
v -0.125000 1.375000 0.025000
vn 0.000000 0.000000 0.000000
v -0.175000 1.325000 0.075000
vn 0.000000 0.000000 0.000000
v -0.175000 1.375000 0.075000
vn 0.000000 0.000000 0.000000
v -0.125000 1.375000 0.075000
vn 0.000000 0.000000 0.000000
v -0.075000 1.375000 0.025000
vn 0.000000 0.000000 0.000000
v -0.025000 1.375000 0.025000
vn 0.000000 0.000000 0.000000
v -0.075000 1.375000 0.075000
vn 0.000000 0.000000 0.000000
v -0.025000 1.375000 0.075000
vn 0.000000 0.000000 0.000000
v -0.175000 1.375000 0.125000
vn 0.000000 0.000000 0.000000
v -0.125000 1.375000 0.125000
vn 0.000000 0.000000 0.000000
v -0.175000 1.375000 0.175000
vn 0.000000 0.000000 0.000000
v -0.125000 1.375000 0.175000
vn 0.000000 0.000000 0.000000
v -0.075000 1.375000 0.125000
vn 0.000000 0.000000 0.000000
v -0.025000 1.375000 0.125000
vn 0.000000 0.000000 0.000000
v -0.075000 1.375000 0.175000
vn 0.000000 0.000000 0.000000
v -0.025000 1.375000 0.175000
vn 0.000000 0.000000 0.000000
v -0.225000 1.225000 0.225000
vn 0.000000 0.000000 0.000000
v -0.225000 1.275000 0.225000
vn 0.000000 0.000000 0.000000
v -0.225000 1.225000 0.275000
vn 0.000000 0.000000 0.000000
v -0.225000 1.275000 0.275000
vn 0.000000 0.000000 0.000000
v -0.225000 1.325000 0.225000
vn 0.000000 0.000000 0.000000
v -0.225000 1.375000 0.225000
vn 0.000000 0.000000 0.000000
v -0.225000 1.325000 0.275000
vn 0.000000 0.000000 0.000000
v -0.225000 1.375000 0.275000
vn 0.000000 0.000000 0.000000
v -0.225000 1.225000 0.325000
vn 0.000000 0.000000 0.000000
v -0.225000 1.275000 0.325000
vn 0.000000 0.000000 0.000000
v -0.225000 1.225000 0.375000
vn 0.000000 0.000000 0.000000
v -0.275000 1.275000 0.375000
vn 0.000000 0.000000 0.000000
v -0.225000 1.275000 0.375000
vn 0.000000 0.000000 0.000000
v -0.275000 1.325000 0.325000
vn 0.000000 0.000000 0.000000
v -0.225000 1.325000 0.325000
vn 0.000000 0.000000 0.000000
v -0.225000 1.375000 0.325000
vn 0.000000 0.000000 0.000000
v -0.275000 1.325000 0.375000
vn 0.000000 0.000000 0.000000
v -0.225000 1.325000 0.375000
vn 0.000000 0.000000 0.000000
v -0.275000 1.375000 0.375000
vn 0.000000 0.000000 0.000000
v -0.225000 1.375000 0.375000
vn 0.000000 0.000000 0.000000
v -0.175000 1.225000 0.225000
vn 0.000000 0.000000 0.000000
v -0.125000 1.225000 0.225000
vn 0.000000 0.000000 0.000000
v -0.175000 1.275000 0.225000
vn 0.000000 0.000000 0.000000
v -0.125000 1.275000 0.225000
vn 0.000000 0.000000 0.000000
v -0.075000 1.225000 0.225000
vn 0.000000 0.000000 0.000000
v -0.025000 1.225000 0.225000
vn 0.000000 0.000000 0.000000
v -0.175000 1.325000 0.225000
vn 0.000000 0.000000 0.000000
v -0.125000 1.325000 0.225000
vn 0.000000 0.000000 0.000000
v -0.175000 1.375000 0.225000
vn 0.000000 0.000000 0.000000
v -0.125000 1.375000 0.225000
vn 0.000000 0.000000 0.000000
v -0.175000 1.375000 0.275000
vn 0.000000 0.000000 0.000000
v -0.125000 1.375000 0.275000
vn 0.000000 0.000000 0.000000
v -0.075000 1.325000 0.225000
vn 0.000000 0.000000 0.000000
v -0.025000 1.325000 0.225000
vn 0.000000 0.000000 0.000000
v -0.075000 1.375000 0.225000
vn 0.000000 0.000000 0.000000
v -0.025000 1.375000 0.225000
vn 0.000000 0.000000 0.000000
v -0.075000 1.375000 0.275000
vn 0.000000 0.000000 0.000000
v -0.025000 1.375000 0.275000
vn 0.000000 0.000000 0.000000
v -0.175000 1.375000 0.325000
vn 0.000000 0.000000 0.000000
v -0.125000 1.375000 0.325000
vn 0.000000 0.000000 0.000000
v -0.175000 1.375000 0.375000
vn 0.000000 0.000000 0.000000
v -0.125000 1.375000 0.375000
vn 0.000000 0.000000 0.000000
v -0.025000 1.325000 0.325000
vn 0.000000 0.000000 0.000000
v -0.075000 1.375000 0.325000
vn 0.000000 0.000000 0.000000
v -0.025000 1.375000 0.325000
vn 0.000000 0.000000 0.000000
v -0.075000 1.375000 0.375000
vn 0.000000 0.000000 0.000000
v -0.025000 1.375000 0.375000
vn 0.000000 0.000000 0.000000
v -0.275000 0.825000 0.425000
vn 0.000000 0.000000 0.000000
v -0.275000 0.875000 0.425000
vn 0.000000 0.000000 0.000000
v -0.275000 0.825000 0.475000
vn 0.000000 0.000000 0.000000
v -0.275000 0.875000 0.475000
vn 0.000000 0.000000 0.000000
v -0.275000 0.925000 0.425000
vn 0.000000 0.000000 0.000000
v -0.275000 0.975000 0.425000
vn 0.000000 0.000000 0.000000
v -0.275000 0.925000 0.475000
vn 0.000000 0.000000 0.000000
v -0.275000 0.975000 0.475000
vn 0.000000 0.000000 0.000000
v -0.275000 0.825000 0.525000
vn 0.000000 0.000000 0.000000
v -0.225000 0.825000 0.525000
vn 0.000000 0.000000 0.000000
v -0.275000 0.875000 0.525000
vn 0.000000 0.000000 0.000000
v -0.225000 0.875000 0.525000
vn 0.000000 0.000000 0.000000
v -0.275000 0.825000 0.575000
vn 0.000000 0.000000 0.000000
v -0.275000 0.875000 0.575000
vn 0.000000 0.000000 0.000000
v -0.275000 0.925000 0.525000
vn 0.000000 0.000000 0.000000
v -0.225000 0.925000 0.525000
vn 0.000000 0.000000 0.000000
v -0.275000 0.975000 0.525000
vn 0.000000 0.000000 0.000000
v -0.225000 0.975000 0.525000
vn 0.000000 0.000000 0.000000
v -0.275000 0.925000 0.575000
vn 0.000000 0.000000 0.000000
v -0.275000 0.975000 0.575000
vn 0.000000 0.000000 0.000000
v -0.025000 0.825000 0.475000
vn 0.000000 0.000000 0.000000
v -0.175000 0.825000 0.525000
vn 0.000000 0.000000 0.000000
v -0.125000 0.825000 0.525000
vn 0.000000 0.000000 0.000000
v -0.175000 0.875000 0.525000
vn 0.000000 0.000000 0.000000
v -0.125000 0.875000 0.525000
vn 0.000000 0.000000 0.000000
v -0.075000 0.825000 0.525000
vn 0.000000 0.000000 0.000000
v -0.025000 0.825000 0.525000
vn 0.000000 0.000000 0.000000
v -0.075000 0.875000 0.525000
vn 0.000000 0.000000 0.000000
v -0.025000 0.875000 0.525000
vn 0.000000 0.000000 0.000000
v -0.175000 0.925000 0.525000
vn 0.000000 0.000000 0.000000
v -0.125000 0.925000 0.525000
vn 0.000000 0.000000 0.000000
v -0.175000 0.975000 0.525000
vn 0.000000 0.000000 0.000000
v -0.125000 0.975000 0.525000
vn 0.000000 0.000000 0.000000
v -0.075000 0.925000 0.525000
vn 0.000000 0.000000 0.000000
v -0.025000 0.925000 0.525000
vn 0.000000 0.000000 0.000000
v -0.075000 0.975000 0.525000
vn 0.000000 0.000000 0.000000
v -0.025000 0.975000 0.525000
vn 0.000000 0.000000 0.000000
v -0.025000 0.975000 0.575000
vn 0.000000 0.000000 0.000000
v -0.275000 1.025000 0.425000
vn 0.000000 0.000000 0.000000
v -0.275000 1.075000 0.425000
vn 0.000000 0.000000 0.000000
v -0.225000 1.075000 0.425000
vn 0.000000 0.000000 0.000000
v -0.275000 1.025000 0.475000
vn 0.000000 0.000000 0.000000
v -0.275000 1.075000 0.475000
vn 0.000000 0.000000 0.000000
v -0.225000 1.125000 0.425000
vn 0.000000 0.000000 0.000000
v -0.225000 1.175000 0.425000
vn 0.000000 0.000000 0.000000
v -0.225000 1.125000 0.475000
vn 0.000000 0.000000 0.000000
v -0.225000 1.175000 0.475000
vn 0.000000 0.000000 0.000000
v -0.275000 1.025000 0.525000
vn 0.000000 0.000000 0.000000
v -0.225000 1.025000 0.525000
vn 0.000000 0.000000 0.000000
v -0.275000 1.075000 0.525000
vn 0.000000 0.000000 0.000000
v -0.225000 1.075000 0.525000
vn 0.000000 0.000000 0.000000
v -0.275000 1.025000 0.575000
vn 0.000000 0.000000 0.000000
v -0.275000 1.075000 0.575000
vn 0.000000 0.000000 0.000000
v -0.275000 1.125000 0.525000
vn 0.000000 0.000000 0.000000
v -0.225000 1.125000 0.525000
vn 0.000000 0.000000 0.000000
v -0.275000 1.175000 0.525000
vn 0.000000 0.000000 0.000000
v -0.225000 1.175000 0.525000
vn 0.000000 0.000000 0.000000
v -0.275000 1.125000 0.575000
vn 0.000000 0.000000 0.000000
v -0.275000 1.175000 0.575000
vn 0.000000 0.000000 0.000000
v -0.225000 1.175000 0.575000
vn 0.000000 0.000000 0.000000
v -0.175000 1.025000 0.525000
vn 0.000000 0.000000 0.000000
v -0.125000 1.025000 0.525000
vn 0.000000 0.000000 0.000000
v -0.175000 1.075000 0.525000
vn 0.000000 0.000000 0.000000
v -0.125000 1.075000 0.525000
vn 0.000000 0.000000 0.000000
v -0.075000 1.025000 0.525000
vn 0.000000 0.000000 0.000000
v -0.025000 1.025000 0.525000
vn 0.000000 0.000000 0.000000
v -0.075000 1.075000 0.525000
vn 0.000000 0.000000 0.000000
v -0.025000 1.075000 0.525000
vn 0.000000 0.000000 0.000000
v -0.075000 1.025000 0.575000
vn 0.000000 0.000000 0.000000
v -0.025000 1.025000 0.575000
vn 0.000000 0.000000 0.000000
v -0.075000 1.075000 0.575000
vn 0.000000 0.000000 0.000000
v -0.175000 1.125000 0.525000
vn 0.000000 0.000000 0.000000
v -0.125000 1.125000 0.525000
vn 0.000000 0.000000 0.000000
v -0.175000 1.175000 0.525000
vn 0.000000 0.000000 0.000000
v -0.125000 1.175000 0.525000
vn 0.000000 0.000000 0.000000
v -0.075000 1.125000 0.525000
vn 0.000000 0.000000 0.000000
v -0.025000 1.125000 0.525000
vn 0.000000 0.000000 0.000000
v -0.075000 1.175000 0.525000
vn 0.000000 0.000000 0.000000
v -0.025000 1.175000 0.525000
vn 0.000000 0.000000 0.000000
v -0.275000 0.875000 0.625000
vn 0.000000 0.000000 0.000000
v -0.275000 0.875000 0.675000
vn 0.000000 0.000000 0.000000
v -0.275000 0.925000 0.625000
vn 0.000000 0.000000 0.000000
v -0.275000 0.975000 0.625000
vn 0.000000 0.000000 0.000000
v -0.275000 0.925000 0.675000
vn 0.000000 0.000000 0.000000
v -0.275000 0.975000 0.675000
vn 0.000000 0.000000 0.000000
v -0.275000 0.925000 0.725000
vn 0.000000 0.000000 0.000000
v -0.275000 0.975000 0.725000
vn 0.000000 0.000000 0.000000
v -0.275000 0.975000 0.775000
vn 0.000000 0.000000 0.000000
v -0.275000 1.025000 0.625000
vn 0.000000 0.000000 0.000000
v -0.275000 1.075000 0.625000
vn 0.000000 0.000000 0.000000
v -0.275000 1.025000 0.675000
vn 0.000000 0.000000 0.000000
v -0.275000 1.075000 0.675000
vn 0.000000 0.000000 0.000000
v -0.275000 1.125000 0.625000
vn 0.000000 0.000000 0.000000
v -0.275000 1.175000 0.625000
vn 0.000000 0.000000 0.000000
v -0.225000 1.175000 0.625000
vn 0.000000 0.000000 0.000000
v -0.275000 1.125000 0.675000
vn 0.000000 0.000000 0.000000
v -0.275000 1.175000 0.675000
vn 0.000000 0.000000 0.000000
v -0.225000 1.175000 0.675000
vn 0.000000 0.000000 0.000000
v -0.275000 1.025000 0.725000
vn 0.000000 0.000000 0.000000
v -0.275000 1.075000 0.725000
vn 0.000000 0.000000 0.000000
v -0.225000 1.075000 0.725000
vn 0.000000 0.000000 0.000000
v -0.275000 1.025000 0.775000
vn 0.000000 0.000000 0.000000
v -0.275000 1.075000 0.775000
vn 0.000000 0.000000 0.000000
v -0.225000 1.075000 0.775000
vn 0.000000 0.000000 0.000000
v -0.275000 1.125000 0.725000
vn 0.000000 0.000000 0.000000
v -0.225000 1.125000 0.725000
vn 0.000000 0.000000 0.000000
v -0.275000 1.175000 0.725000
vn 0.000000 0.000000 0.000000
v -0.225000 1.175000 0.725000
vn 0.000000 0.000000 0.000000
v -0.275000 1.125000 0.775000
vn 0.000000 0.000000 0.000000
v -0.275000 1.175000 0.775000
vn 0.000000 0.000000 0.000000
v -0.225000 1.175000 0.775000
vn 0.000000 0.000000 0.000000
v -0.075000 1.025000 0.625000
vn 0.000000 0.000000 0.000000
v -0.025000 1.025000 0.625000
vn 0.000000 0.000000 0.000000
v -0.075000 1.025000 0.675000
vn 0.000000 0.000000 0.000000
v -0.025000 1.025000 0.675000
vn 0.000000 0.000000 0.000000
v -0.075000 1.075000 0.675000
vn 0.000000 0.000000 0.000000
v -0.025000 1.025000 0.725000
vn 0.000000 0.000000 0.000000
v -0.025000 1.075000 0.725000
vn 0.000000 0.000000 0.000000
v -0.225000 1.225000 0.425000
vn 0.000000 0.000000 0.000000
v -0.275000 1.275000 0.425000
vn 0.000000 0.000000 0.000000
v -0.225000 1.275000 0.425000
vn 0.000000 0.000000 0.000000
v -0.225000 1.225000 0.475000
vn 0.000000 0.000000 0.000000
v -0.275000 1.275000 0.475000
vn 0.000000 0.000000 0.000000
v -0.225000 1.275000 0.475000
vn 0.000000 0.000000 0.000000
v -0.250000 1.350000 0.450000
vn 0.000000 0.000000 0.000000
v -0.250000 1.250000 0.550000
vn 0.000000 0.000000 0.000000
v -0.250000 1.350000 0.550000
vn 0.000000 0.000000 0.000000
v -0.175000 1.375000 0.425000
vn 0.000000 0.000000 0.000000
v -0.125000 1.375000 0.425000
vn 0.000000 0.000000 0.000000
v -0.175000 1.375000 0.475000
vn 0.000000 0.000000 0.000000
v -0.125000 1.375000 0.475000
vn 0.000000 0.000000 0.000000
v -0.075000 1.375000 0.425000
vn 0.000000 0.000000 0.000000
v -0.025000 1.375000 0.425000
vn 0.000000 0.000000 0.000000
v -0.075000 1.375000 0.475000
vn 0.000000 0.000000 0.000000
v -0.025000 1.375000 0.475000
vn 0.000000 0.000000 0.000000
v -0.175000 1.225000 0.525000
vn 0.000000 0.000000 0.000000
v -0.125000 1.225000 0.525000
vn 0.000000 0.000000 0.000000
v -0.175000 1.275000 0.525000
vn 0.000000 0.000000 0.000000
v -0.125000 1.275000 0.525000
vn 0.000000 0.000000 0.000000
v -0.075000 1.225000 0.525000
vn 0.000000 0.000000 0.000000
v -0.025000 1.225000 0.525000
vn 0.000000 0.000000 0.000000
v -0.075000 1.275000 0.525000
vn 0.000000 0.000000 0.000000
v -0.025000 1.275000 0.525000
vn 0.000000 0.000000 0.000000
v -0.150000 1.350000 0.550000
vn 0.000000 0.000000 0.000000
v -0.075000 1.325000 0.525000
vn 0.000000 0.000000 0.000000
v -0.025000 1.325000 0.525000
vn 0.000000 0.000000 0.000000
v -0.075000 1.375000 0.525000
vn 0.000000 0.000000 0.000000
v -0.025000 1.375000 0.525000
vn 0.000000 0.000000 0.000000
v -0.025000 1.325000 0.575000
vn 0.000000 0.000000 0.000000
v -0.075000 1.375000 0.575000
vn 0.000000 0.000000 0.000000
v -0.025000 1.375000 0.575000
vn 0.000000 0.000000 0.000000
v -0.275000 1.225000 0.625000
vn 0.000000 0.000000 0.000000
v -0.225000 1.225000 0.625000
vn 0.000000 0.000000 0.000000
v -0.275000 1.275000 0.625000
vn 0.000000 0.000000 0.000000
v -0.225000 1.275000 0.625000
vn 0.000000 0.000000 0.000000
v -0.275000 1.225000 0.675000
vn 0.000000 0.000000 0.000000
v -0.275000 1.275000 0.675000
vn 0.000000 0.000000 0.000000
v -0.225000 1.275000 0.675000
vn 0.000000 0.000000 0.000000
v -0.250000 1.350000 0.650000
vn 0.000000 0.000000 0.000000
v -0.250000 1.250000 0.750000
vn 0.000000 0.000000 0.000000
v -0.250000 1.350000 0.750000
vn 0.000000 0.000000 0.000000
v -0.150000 1.350000 0.650000
vn 0.000000 0.000000 0.000000
v -0.050000 1.350000 0.650000
vn 0.000000 0.000000 0.000000
v -0.125000 1.325000 0.725000
vn 0.000000 0.000000 0.000000
v -0.175000 1.375000 0.725000
vn 0.000000 0.000000 0.000000
v -0.125000 1.375000 0.725000
vn 0.000000 0.000000 0.000000
v -0.125000 1.325000 0.775000
vn 0.000000 0.000000 0.000000
v -0.175000 1.375000 0.775000
vn 0.000000 0.000000 0.000000
v -0.125000 1.375000 0.775000
vn 0.000000 0.000000 0.000000
v -0.050000 1.350000 0.750000
vn 0.000000 0.000000 0.000000
v -0.275000 0.975000 0.825000
vn 0.000000 0.000000 0.000000
v -0.275000 1.025000 0.825000
vn 0.000000 0.000000 0.000000
v -0.275000 1.075000 0.825000
vn 0.000000 0.000000 0.000000
v -0.275000 1.025000 0.875000
vn 0.000000 0.000000 0.000000
v -0.275000 1.075000 0.875000
vn 0.000000 0.000000 0.000000
v -0.275000 1.125000 0.825000
vn 0.000000 0.000000 0.000000
v -0.275000 1.175000 0.825000
vn 0.000000 0.000000 0.000000
v -0.225000 1.175000 0.825000
vn 0.000000 0.000000 0.000000
v -0.275000 1.125000 0.875000
vn 0.000000 0.000000 0.000000
v -0.275000 1.175000 0.875000
vn 0.000000 0.000000 0.000000
v -0.275000 1.025000 0.925000
vn 0.000000 0.000000 0.000000
v -0.275000 1.075000 0.925000
vn 0.000000 0.000000 0.000000
v -0.275000 1.125000 0.925000
vn 0.000000 0.000000 0.000000
v -0.275000 1.175000 0.925000
vn 0.000000 0.000000 0.000000
v -0.275000 1.175000 0.975000
vn 0.000000 0.000000 0.000000
v -0.275000 1.225000 0.825000
vn 0.000000 0.000000 0.000000
v -0.225000 1.225000 0.825000
vn 0.000000 0.000000 0.000000
v -0.275000 1.275000 0.825000
vn 0.000000 0.000000 0.000000
v -0.225000 1.275000 0.825000
vn 0.000000 0.000000 0.000000
v -0.275000 1.225000 0.875000
vn 0.000000 0.000000 0.000000
v -0.225000 1.225000 0.875000
vn 0.000000 0.000000 0.000000
v -0.225000 1.275000 0.875000
vn 0.000000 0.000000 0.000000
v -0.275000 1.325000 0.825000
vn 0.000000 0.000000 0.000000
v -0.225000 1.325000 0.825000
vn 0.000000 0.000000 0.000000
v -0.275000 1.375000 0.825000
vn 0.000000 0.000000 0.000000
v -0.225000 1.375000 0.825000
vn 0.000000 0.000000 0.000000
v -0.275000 1.325000 0.875000
vn 0.000000 0.000000 0.000000
v -0.225000 1.325000 0.875000
vn 0.000000 0.000000 0.000000
v -0.225000 1.375000 0.875000
vn 0.000000 0.000000 0.000000
v -0.275000 1.225000 0.925000
vn 0.000000 0.000000 0.000000
v -0.275000 1.275000 0.925000
vn 0.000000 0.000000 0.000000
v -0.225000 1.275000 0.925000
vn 0.000000 0.000000 0.000000
v -0.275000 1.225000 0.975000
vn 0.000000 0.000000 0.000000
v -0.225000 1.225000 0.975000
vn 0.000000 0.000000 0.000000
v -0.225000 1.275000 0.975000
vn 0.000000 0.000000 0.000000
v -0.225000 1.325000 0.925000
vn 0.000000 0.000000 0.000000
v -0.225000 1.375000 0.925000
vn 0.000000 0.000000 0.000000
v -0.225000 1.325000 0.975000
vn 0.000000 0.000000 0.000000
v -0.225000 1.375000 0.975000
vn 0.000000 0.000000 0.000000
v -0.125000 1.325000 0.825000
vn 0.000000 0.000000 0.000000
v -0.175000 1.375000 0.825000
vn 0.000000 0.000000 0.000000
v -0.125000 1.375000 0.825000
vn 0.000000 0.000000 0.000000
v -0.175000 1.375000 0.875000
vn 0.000000 0.000000 0.000000
v -0.125000 1.375000 0.875000
vn 0.000000 0.000000 0.000000
v -0.075000 1.325000 0.825000
vn 0.000000 0.000000 0.000000
v -0.025000 1.325000 0.825000
vn 0.000000 0.000000 0.000000
v -0.075000 1.375000 0.825000
vn 0.000000 0.000000 0.000000
v -0.025000 1.375000 0.825000
vn 0.000000 0.000000 0.000000
v -0.025000 1.325000 0.875000
vn 0.000000 0.000000 0.000000
v -0.075000 1.375000 0.875000
vn 0.000000 0.000000 0.000000
v -0.025000 1.375000 0.875000
vn 0.000000 0.000000 0.000000
v -0.175000 1.375000 0.925000
vn 0.000000 0.000000 0.000000
v -0.125000 1.375000 0.925000
vn 0.000000 0.000000 0.000000
v -0.175000 1.375000 0.975000
vn 0.000000 0.000000 0.000000
v -0.125000 1.375000 0.975000
vn 0.000000 0.000000 0.000000
v -0.075000 1.375000 0.925000
vn 0.000000 0.000000 0.000000
v -0.025000 1.375000 0.925000
vn 0.000000 0.000000 0.000000
v -0.075000 1.375000 0.975000
vn 0.000000 0.000000 0.000000
v -0.025000 1.375000 0.975000
vn 0.000000 0.000000 0.000000
v -0.225000 1.375000 1.025000
vn 0.000000 0.000000 0.000000
v -0.175000 1.375000 1.025000
vn 0.000000 0.000000 0.000000
v -0.125000 1.375000 1.025000
vn 0.000000 0.000000 0.000000
v -0.075000 1.375000 1.025000
vn 0.000000 0.000000 0.000000
v -0.025000 1.375000 1.025000
vn 0.000000 0.000000 0.000000
v 0.325000 0.775000 0.175000
vn 0.000000 0.000000 0.000000
v 0.125000 0.775000 0.225000
vn 0.000000 0.000000 0.000000
v 0.325000 0.775000 0.225000
vn 0.000000 0.000000 0.000000
v 0.375000 0.775000 0.225000
vn 0.000000 0.000000 0.000000
v 0.575000 0.725000 0.025000
vn 0.000000 0.000000 0.000000
v 0.575000 0.775000 0.025000
vn 0.000000 0.000000 0.000000
v 0.575000 0.725000 0.075000
vn 0.000000 0.000000 0.000000
v 0.575000 0.775000 0.075000
vn 0.000000 0.000000 0.000000
v 0.575000 0.725000 0.125000
vn 0.000000 0.000000 0.000000
v 0.575000 0.775000 0.125000
vn 0.000000 0.000000 0.000000
v 0.575000 0.725000 0.175000
vn 0.000000 0.000000 0.000000
v 0.575000 0.775000 0.175000
vn 0.000000 0.000000 0.000000
v 0.725000 0.675000 0.075000
vn 0.000000 0.000000 0.000000
v 0.625000 0.725000 0.025000
vn 0.000000 0.000000 0.000000
v 0.675000 0.725000 0.025000
vn 0.000000 0.000000 0.000000
v 0.625000 0.775000 0.025000
vn 0.000000 0.000000 0.000000
v 0.625000 0.725000 0.075000
vn 0.000000 0.000000 0.000000
v 0.675000 0.725000 0.075000
vn 0.000000 0.000000 0.000000
v 0.625000 0.775000 0.075000
vn 0.000000 0.000000 0.000000
v 0.725000 0.725000 0.025000
vn 0.000000 0.000000 0.000000
v 0.725000 0.725000 0.075000
vn 0.000000 0.000000 0.000000
v 0.725000 0.675000 0.125000
vn 0.000000 0.000000 0.000000
v 0.775000 0.675000 0.125000
vn 0.000000 0.000000 0.000000
v 0.725000 0.675000 0.175000
vn 0.000000 0.000000 0.000000
v 0.775000 0.675000 0.175000
vn 0.000000 0.000000 0.000000
v 0.625000 0.725000 0.125000
vn 0.000000 0.000000 0.000000
v 0.675000 0.725000 0.125000
vn 0.000000 0.000000 0.000000
v 0.625000 0.725000 0.175000
vn 0.000000 0.000000 0.000000
v 0.675000 0.725000 0.175000
vn 0.000000 0.000000 0.000000
v 0.625000 0.775000 0.175000
vn 0.000000 0.000000 0.000000
v 0.725000 0.725000 0.125000
vn 0.000000 0.000000 0.000000
v 0.725000 0.725000 0.175000
vn 0.000000 0.000000 0.000000
v 0.425000 0.775000 0.225000
vn 0.000000 0.000000 0.000000
v 0.475000 0.775000 0.225000
vn 0.000000 0.000000 0.000000
v 0.575000 0.725000 0.225000
vn 0.000000 0.000000 0.000000
v 0.525000 0.775000 0.225000
vn 0.000000 0.000000 0.000000
v 0.575000 0.775000 0.225000
vn 0.000000 0.000000 0.000000
v 0.575000 0.725000 0.275000
vn 0.000000 0.000000 0.000000
v 0.575000 0.775000 0.275000
vn 0.000000 0.000000 0.000000
v 0.575000 0.725000 0.325000
vn 0.000000 0.000000 0.000000
v 0.575000 0.775000 0.325000
vn 0.000000 0.000000 0.000000
v 0.575000 0.725000 0.375000
vn 0.000000 0.000000 0.000000
v 0.575000 0.775000 0.375000
vn 0.000000 0.000000 0.000000
v 0.725000 0.675000 0.225000
vn 0.000000 0.000000 0.000000
v 0.775000 0.675000 0.225000
vn 0.000000 0.000000 0.000000
v 0.725000 0.675000 0.275000
vn 0.000000 0.000000 0.000000
v 0.775000 0.675000 0.275000
vn 0.000000 0.000000 0.000000
v 0.625000 0.725000 0.225000
vn 0.000000 0.000000 0.000000
v 0.675000 0.725000 0.225000
vn 0.000000 0.000000 0.000000
v 0.625000 0.775000 0.225000
vn 0.000000 0.000000 0.000000
v 0.625000 0.725000 0.275000
vn 0.000000 0.000000 0.000000
v 0.675000 0.725000 0.275000
vn 0.000000 0.000000 0.000000
v 0.625000 0.775000 0.275000
vn 0.000000 0.000000 0.000000
v 0.725000 0.725000 0.225000
vn 0.000000 0.000000 0.000000
v 0.725000 0.725000 0.275000
vn 0.000000 0.000000 0.000000
v 0.725000 0.675000 0.325000
vn 0.000000 0.000000 0.000000
v 0.775000 0.675000 0.325000
vn 0.000000 0.000000 0.000000
v 0.725000 0.675000 0.375000
vn 0.000000 0.000000 0.000000
v 0.775000 0.675000 0.375000
vn 0.000000 0.000000 0.000000
v 0.625000 0.725000 0.325000
vn 0.000000 0.000000 0.000000
v 0.675000 0.725000 0.325000
vn 0.000000 0.000000 0.000000
v 0.625000 0.775000 0.325000
vn 0.000000 0.000000 0.000000
v 0.625000 0.725000 0.375000
vn 0.000000 0.000000 0.000000
v 0.675000 0.725000 0.375000
vn 0.000000 0.000000 0.000000
v 0.625000 0.775000 0.375000
vn 0.000000 0.000000 0.000000
v 0.725000 0.725000 0.325000
vn 0.000000 0.000000 0.000000
v 0.725000 0.725000 0.375000
vn 0.000000 0.000000 0.000000
v 0.225000 0.775000 0.525000
vn 0.000000 0.000000 0.000000
v 0.275000 0.775000 0.525000
vn 0.000000 0.000000 0.000000
v 0.325000 0.775000 0.525000
vn 0.000000 0.000000 0.000000
v 0.375000 0.775000 0.525000
vn 0.000000 0.000000 0.000000
v 0.425000 0.775000 0.475000
vn 0.000000 0.000000 0.000000
v 0.475000 0.775000 0.475000
vn 0.000000 0.000000 0.000000
v 0.575000 0.725000 0.425000
vn 0.000000 0.000000 0.000000
v 0.575000 0.775000 0.425000
vn 0.000000 0.000000 0.000000
v 0.575000 0.725000 0.475000
vn 0.000000 0.000000 0.000000
v 0.575000 0.775000 0.475000
vn 0.000000 0.000000 0.000000
v 0.425000 0.775000 0.525000
vn 0.000000 0.000000 0.000000
v 0.475000 0.775000 0.525000
vn 0.000000 0.000000 0.000000
v 0.575000 0.725000 0.525000
vn 0.000000 0.000000 0.000000
v 0.525000 0.775000 0.525000
vn 0.000000 0.000000 0.000000
v 0.575000 0.775000 0.525000
vn 0.000000 0.000000 0.000000
v 0.575000 0.725000 0.575000
vn 0.000000 0.000000 0.000000
v 0.575000 0.775000 0.575000
vn 0.000000 0.000000 0.000000
v 0.725000 0.675000 0.425000
vn 0.000000 0.000000 0.000000
v 0.775000 0.675000 0.425000
vn 0.000000 0.000000 0.000000
v 0.725000 0.675000 0.475000
vn 0.000000 0.000000 0.000000
v 0.775000 0.675000 0.475000
vn 0.000000 0.000000 0.000000
v 0.625000 0.725000 0.425000
vn 0.000000 0.000000 0.000000
v 0.675000 0.725000 0.425000
vn 0.000000 0.000000 0.000000
v 0.625000 0.775000 0.425000
vn 0.000000 0.000000 0.000000
v 0.625000 0.725000 0.475000
vn 0.000000 0.000000 0.000000
v 0.675000 0.725000 0.475000
vn 0.000000 0.000000 0.000000
v 0.625000 0.775000 0.475000
vn 0.000000 0.000000 0.000000
v 0.725000 0.725000 0.425000
vn 0.000000 0.000000 0.000000
v 0.725000 0.725000 0.475000
vn 0.000000 0.000000 0.000000
v 0.725000 0.675000 0.525000
vn 0.000000 0.000000 0.000000
v 0.775000 0.675000 0.525000
vn 0.000000 0.000000 0.000000
v 0.725000 0.675000 0.575000
vn 0.000000 0.000000 0.000000
v 0.775000 0.675000 0.575000
vn 0.000000 0.000000 0.000000
v 0.625000 0.725000 0.525000
vn 0.000000 0.000000 0.000000
v 0.675000 0.725000 0.525000
vn 0.000000 0.000000 0.000000
v 0.625000 0.775000 0.525000
vn 0.000000 0.000000 0.000000
v 0.625000 0.725000 0.575000
vn 0.000000 0.000000 0.000000
v 0.675000 0.725000 0.575000
vn 0.000000 0.000000 0.000000
v 0.625000 0.775000 0.575000
vn 0.000000 0.000000 0.000000
v 0.725000 0.725000 0.525000
vn 0.000000 0.000000 0.000000
v 0.725000 0.725000 0.575000
vn 0.000000 0.000000 0.000000
v 0.575000 0.725000 0.625000
vn 0.000000 0.000000 0.000000
v 0.575000 0.775000 0.625000
vn 0.000000 0.000000 0.000000
v 0.575000 0.725000 0.675000
vn 0.000000 0.000000 0.000000
v 0.575000 0.775000 0.675000
vn 0.000000 0.000000 0.000000
v 0.575000 0.725000 0.725000
vn 0.000000 0.000000 0.000000
v 0.575000 0.775000 0.725000
vn 0.000000 0.000000 0.000000
v 0.575000 0.725000 0.775000
vn 0.000000 0.000000 0.000000
v 0.575000 0.775000 0.775000
vn 0.000000 0.000000 0.000000
v 0.725000 0.675000 0.625000
vn 0.000000 0.000000 0.000000
v 0.775000 0.675000 0.625000
vn 0.000000 0.000000 0.000000
v 0.725000 0.675000 0.675000
vn 0.000000 0.000000 0.000000
v 0.775000 0.675000 0.675000
vn 0.000000 0.000000 0.000000
v 0.625000 0.725000 0.625000
vn 0.000000 0.000000 0.000000
v 0.675000 0.725000 0.625000
vn 0.000000 0.000000 0.000000
v 0.625000 0.775000 0.625000
vn 0.000000 0.000000 0.000000
v 0.625000 0.725000 0.675000
vn 0.000000 0.000000 0.000000
v 0.675000 0.725000 0.675000
vn 0.000000 0.000000 0.000000
v 0.625000 0.775000 0.675000
vn 0.000000 0.000000 0.000000
v 0.725000 0.725000 0.625000
vn 0.000000 0.000000 0.000000
v 0.725000 0.725000 0.675000
vn 0.000000 0.000000 0.000000
v 0.725000 0.675000 0.725000
vn 0.000000 0.000000 0.000000
v 0.775000 0.675000 0.725000
vn 0.000000 0.000000 0.000000
v 0.725000 0.675000 0.775000
vn 0.000000 0.000000 0.000000
v 0.775000 0.675000 0.775000
vn 0.000000 0.000000 0.000000
v 0.625000 0.725000 0.725000
vn 0.000000 0.000000 0.000000
v 0.675000 0.725000 0.725000
vn 0.000000 0.000000 0.000000
v 0.625000 0.775000 0.725000
vn 0.000000 0.000000 0.000000
v 0.625000 0.725000 0.775000
vn 0.000000 0.000000 0.000000
v 0.675000 0.725000 0.775000
vn 0.000000 0.000000 0.000000
v 0.625000 0.775000 0.775000
vn 0.000000 0.000000 0.000000
v 0.725000 0.725000 0.725000
vn 0.000000 0.000000 0.000000
v 0.725000 0.725000 0.775000
vn 0.000000 0.000000 0.000000
v 0.825000 0.675000 0.125000
vn 0.000000 0.000000 0.000000
v 0.825000 0.675000 0.175000
vn 0.000000 0.000000 0.000000
v 0.875000 0.675000 0.175000
vn 0.000000 0.000000 0.000000
v 0.925000 0.625000 0.175000
vn 0.000000 0.000000 0.000000
v 0.925000 0.675000 0.175000
vn 0.000000 0.000000 0.000000
v 0.825000 0.675000 0.225000
vn 0.000000 0.000000 0.000000
v 0.875000 0.675000 0.225000
vn 0.000000 0.000000 0.000000
v 0.825000 0.675000 0.275000
vn 0.000000 0.000000 0.000000
v 0.875000 0.675000 0.275000
vn 0.000000 0.000000 0.000000
v 0.925000 0.625000 0.225000
vn 0.000000 0.000000 0.000000
v 0.975000 0.625000 0.225000
vn 0.000000 0.000000 0.000000
v 0.925000 0.675000 0.225000
vn 0.000000 0.000000 0.000000
v 0.925000 0.625000 0.275000
vn 0.000000 0.000000 0.000000
v 0.975000 0.625000 0.275000
vn 0.000000 0.000000 0.000000
v 0.925000 0.675000 0.275000
vn 0.000000 0.000000 0.000000
v 0.825000 0.675000 0.325000
vn 0.000000 0.000000 0.000000
v 0.875000 0.675000 0.325000
vn 0.000000 0.000000 0.000000
v 0.825000 0.675000 0.375000
vn 0.000000 0.000000 0.000000
v 0.875000 0.675000 0.375000
vn 0.000000 0.000000 0.000000
v 0.925000 0.625000 0.325000
vn 0.000000 0.000000 0.000000
v 0.975000 0.625000 0.325000
vn 0.000000 0.000000 0.000000
v 0.925000 0.675000 0.325000
vn 0.000000 0.000000 0.000000
v 0.925000 0.625000 0.375000
vn 0.000000 0.000000 0.000000
v 0.975000 0.625000 0.375000
vn 0.000000 0.000000 0.000000
v 0.925000 0.675000 0.375000
vn 0.000000 0.000000 0.000000
v 0.825000 0.675000 0.425000
vn 0.000000 0.000000 0.000000
v 0.875000 0.675000 0.425000
vn 0.000000 0.000000 0.000000
v 0.825000 0.675000 0.475000
vn 0.000000 0.000000 0.000000
v 0.875000 0.675000 0.475000
vn 0.000000 0.000000 0.000000
v 0.925000 0.625000 0.425000
vn 0.000000 0.000000 0.000000
v 0.975000 0.625000 0.425000
vn 0.000000 0.000000 0.000000
v 0.925000 0.675000 0.425000
vn 0.000000 0.000000 0.000000
v 0.925000 0.625000 0.475000
vn 0.000000 0.000000 0.000000
v 0.975000 0.625000 0.475000
vn 0.000000 0.000000 0.000000
v 0.925000 0.675000 0.475000
vn 0.000000 0.000000 0.000000
v 0.825000 0.675000 0.525000
vn 0.000000 0.000000 0.000000
v 0.875000 0.675000 0.525000
vn 0.000000 0.000000 0.000000
v 0.825000 0.675000 0.575000
vn 0.000000 0.000000 0.000000
v 0.875000 0.675000 0.575000
vn 0.000000 0.000000 0.000000
v 0.925000 0.625000 0.525000
vn 0.000000 0.000000 0.000000
v 0.975000 0.625000 0.525000
vn 0.000000 0.000000 0.000000
v 0.925000 0.675000 0.525000
vn 0.000000 0.000000 0.000000
v 0.925000 0.625000 0.575000
vn 0.000000 0.000000 0.000000
v 0.925000 0.675000 0.575000
vn 0.000000 0.000000 0.000000
v 0.825000 0.675000 0.625000
vn 0.000000 0.000000 0.000000
v 0.875000 0.675000 0.625000
vn 0.000000 0.000000 0.000000
v 0.825000 0.675000 0.675000
vn 0.000000 0.000000 0.000000
v 0.875000 0.675000 0.675000
vn 0.000000 0.000000 0.000000
v 0.925000 0.625000 0.625000
vn 0.000000 0.000000 0.000000
v 0.975000 0.625000 0.625000
vn 0.000000 0.000000 0.000000
v 0.925000 0.675000 0.625000
vn 0.000000 0.000000 0.000000
v 0.925000 0.625000 0.675000
vn 0.000000 0.000000 0.000000
v 0.975000 0.625000 0.675000
vn 0.000000 0.000000 0.000000
v 0.875000 0.625000 0.725000
vn 0.000000 0.000000 0.000000
v 0.825000 0.675000 0.725000
vn 0.000000 0.000000 0.000000
v 0.875000 0.675000 0.725000
vn 0.000000 0.000000 0.000000
v 0.875000 0.625000 0.775000
vn 0.000000 0.000000 0.000000
v 0.825000 0.675000 0.775000
vn 0.000000 0.000000 0.000000
v 0.875000 0.675000 0.775000
vn 0.000000 0.000000 0.000000
v 0.925000 0.625000 0.725000
vn 0.000000 0.000000 0.000000
v 0.975000 0.625000 0.725000
vn 0.000000 0.000000 0.000000
v 0.925000 0.625000 0.775000
vn 0.000000 0.000000 0.000000
v 0.975000 0.625000 0.775000
vn 0.000000 0.000000 0.000000
v 0.175000 0.825000 0.175000
vn 0.000000 0.000000 0.000000
v 0.025000 0.925000 0.175000
vn 0.000000 0.000000 0.000000
v 0.225000 0.825000 0.175000
vn 0.000000 0.000000 0.000000
v 0.275000 0.825000 0.175000
vn 0.000000 0.000000 0.000000
v 0.325000 1.075000 0.175000
vn 0.000000 0.000000 0.000000
v 0.025000 0.825000 0.225000
vn 0.000000 0.000000 0.000000
v 0.075000 0.825000 0.225000
vn 0.000000 0.000000 0.000000
v 0.025000 0.875000 0.225000
vn 0.000000 0.000000 0.000000
v 0.075000 0.875000 0.225000
vn 0.000000 0.000000 0.000000
v 0.025000 0.875000 0.275000
vn 0.000000 0.000000 0.000000
v 0.125000 0.825000 0.225000
vn 0.000000 0.000000 0.000000
v 0.175000 0.825000 0.225000
vn 0.000000 0.000000 0.000000
v 0.125000 0.875000 0.225000
vn 0.000000 0.000000 0.000000
v 0.175000 0.875000 0.225000
vn 0.000000 0.000000 0.000000
v 0.025000 0.925000 0.225000
vn 0.000000 0.000000 0.000000
v 0.075000 0.925000 0.225000
vn 0.000000 0.000000 0.000000
v 0.025000 0.975000 0.225000
vn 0.000000 0.000000 0.000000
v 0.075000 0.975000 0.225000
vn 0.000000 0.000000 0.000000
v 0.025000 0.925000 0.275000
vn 0.000000 0.000000 0.000000
v 0.125000 0.925000 0.225000
vn 0.000000 0.000000 0.000000
v 0.175000 0.925000 0.225000
vn 0.000000 0.000000 0.000000
v 0.125000 0.975000 0.225000
vn 0.000000 0.000000 0.000000
v 0.175000 0.975000 0.225000
vn 0.000000 0.000000 0.000000
v 0.225000 0.825000 0.225000
vn 0.000000 0.000000 0.000000
v 0.275000 0.825000 0.225000
vn 0.000000 0.000000 0.000000
v 0.225000 0.875000 0.225000
vn 0.000000 0.000000 0.000000
v 0.275000 0.875000 0.225000
vn 0.000000 0.000000 0.000000
v 0.325000 0.825000 0.225000
vn 0.000000 0.000000 0.000000
v 0.375000 0.825000 0.225000
vn 0.000000 0.000000 0.000000
v 0.325000 0.875000 0.225000
vn 0.000000 0.000000 0.000000
v 0.375000 0.875000 0.225000
vn 0.000000 0.000000 0.000000
v 0.375000 0.825000 0.275000
vn 0.000000 0.000000 0.000000
v 0.375000 0.875000 0.275000
vn 0.000000 0.000000 0.000000
v 0.225000 0.925000 0.225000
vn 0.000000 0.000000 0.000000
v 0.275000 0.925000 0.225000
vn 0.000000 0.000000 0.000000
v 0.225000 0.975000 0.225000
vn 0.000000 0.000000 0.000000
v 0.275000 0.975000 0.225000
vn 0.000000 0.000000 0.000000
v 0.325000 0.925000 0.225000
vn 0.000000 0.000000 0.000000
v 0.375000 0.925000 0.225000
vn 0.000000 0.000000 0.000000
v 0.325000 0.975000 0.225000
vn 0.000000 0.000000 0.000000
v 0.375000 0.975000 0.225000
vn 0.000000 0.000000 0.000000
v 0.375000 0.925000 0.275000
vn 0.000000 0.000000 0.000000
v 0.325000 0.975000 0.275000
vn 0.000000 0.000000 0.000000
v 0.375000 0.975000 0.275000
vn 0.000000 0.000000 0.000000
v 0.025000 1.025000 0.225000
vn 0.000000 0.000000 0.000000
v 0.075000 1.025000 0.225000
vn 0.000000 0.000000 0.000000
v 0.025000 1.075000 0.225000
vn 0.000000 0.000000 0.000000
v 0.075000 1.075000 0.225000
vn 0.000000 0.000000 0.000000
v 0.075000 1.075000 0.275000
vn 0.000000 0.000000 0.000000
v 0.125000 1.025000 0.225000
vn 0.000000 0.000000 0.000000
v 0.175000 1.025000 0.225000
vn 0.000000 0.000000 0.000000
v 0.125000 1.075000 0.225000
vn 0.000000 0.000000 0.000000
v 0.175000 1.075000 0.225000
vn 0.000000 0.000000 0.000000
v 0.025000 1.125000 0.225000
vn 0.000000 0.000000 0.000000
v 0.075000 1.125000 0.225000
vn 0.000000 0.000000 0.000000
v 0.025000 1.175000 0.225000
vn 0.000000 0.000000 0.000000
v 0.075000 1.175000 0.225000
vn 0.000000 0.000000 0.000000
v 0.125000 1.125000 0.225000
vn 0.000000 0.000000 0.000000
v 0.175000 1.125000 0.225000
vn 0.000000 0.000000 0.000000
v 0.125000 1.175000 0.225000
vn 0.000000 0.000000 0.000000
v 0.175000 1.175000 0.225000
vn 0.000000 0.000000 0.000000
v 0.225000 1.025000 0.225000
vn 0.000000 0.000000 0.000000
v 0.275000 1.025000 0.225000
vn 0.000000 0.000000 0.000000
v 0.225000 1.075000 0.225000
vn 0.000000 0.000000 0.000000
v 0.275000 1.075000 0.225000
vn 0.000000 0.000000 0.000000
v 0.225000 1.075000 0.275000
vn 0.000000 0.000000 0.000000
v 0.275000 1.075000 0.275000
vn 0.000000 0.000000 0.000000
v 0.325000 1.025000 0.225000
vn 0.000000 0.000000 0.000000
v 0.375000 1.025000 0.225000
vn 0.000000 0.000000 0.000000
v 0.325000 1.075000 0.225000
vn 0.000000 0.000000 0.000000
v 0.375000 1.075000 0.225000
vn 0.000000 0.000000 0.000000
v 0.325000 1.025000 0.275000
vn 0.000000 0.000000 0.000000
v 0.325000 1.075000 0.275000
vn 0.000000 0.000000 0.000000
v 0.375000 1.075000 0.275000
vn 0.000000 0.000000 0.000000
v 0.225000 1.125000 0.225000
vn 0.000000 0.000000 0.000000
v 0.275000 1.125000 0.225000
vn 0.000000 0.000000 0.000000
v 0.225000 1.175000 0.225000
vn 0.000000 0.000000 0.000000
v 0.275000 1.175000 0.225000
vn 0.000000 0.000000 0.000000
v 0.375000 1.125000 0.225000
vn 0.000000 0.000000 0.000000
v 0.375000 1.175000 0.225000
vn 0.000000 0.000000 0.000000
v 0.275000 1.075000 0.325000
vn 0.000000 0.000000 0.000000
v 0.325000 1.075000 0.325000
vn 0.000000 0.000000 0.000000
v 0.275000 1.125000 0.325000
vn 0.000000 0.000000 0.000000
v 0.325000 1.125000 0.325000
vn 0.000000 0.000000 0.000000
v 0.425000 0.825000 0.175000
vn 0.000000 0.000000 0.000000
v 0.575000 0.825000 0.175000
vn 0.000000 0.000000 0.000000
v 0.625000 0.825000 0.025000
vn 0.000000 0.000000 0.000000
v 0.625000 0.875000 0.025000
vn 0.000000 0.000000 0.000000
v 0.675000 0.875000 0.025000
vn 0.000000 0.000000 0.000000
v 0.625000 0.825000 0.075000
vn 0.000000 0.000000 0.000000
v 0.625000 0.875000 0.075000
vn 0.000000 0.000000 0.000000
v 0.675000 0.875000 0.075000
vn 0.000000 0.000000 0.000000
v 0.650000 0.950000 0.050000
vn 0.000000 0.000000 0.000000
v 0.625000 0.825000 0.125000
vn 0.000000 0.000000 0.000000
v 0.625000 0.875000 0.125000
vn 0.000000 0.000000 0.000000
v 0.675000 0.875000 0.125000
vn 0.000000 0.000000 0.000000
v 0.625000 0.825000 0.175000
vn 0.000000 0.000000 0.000000
v 0.675000 0.925000 0.125000
vn 0.000000 0.000000 0.000000
v 0.675000 0.975000 0.125000
vn 0.000000 0.000000 0.000000
v 0.675000 0.925000 0.175000
vn 0.000000 0.000000 0.000000
v 0.675000 0.975000 0.175000
vn 0.000000 0.000000 0.000000
v 0.625000 1.025000 0.025000
vn 0.000000 0.000000 0.000000
v 0.675000 1.025000 0.025000
vn 0.000000 0.000000 0.000000
v 0.675000 1.075000 0.025000
vn 0.000000 0.000000 0.000000
v 0.675000 1.025000 0.075000
vn 0.000000 0.000000 0.000000
v 0.675000 1.075000 0.075000
vn 0.000000 0.000000 0.000000
v 0.675000 1.125000 0.025000
vn 0.000000 0.000000 0.000000
v 0.675000 1.175000 0.025000
vn 0.000000 0.000000 0.000000
v 0.675000 1.125000 0.075000
vn 0.000000 0.000000 0.000000
v 0.675000 1.175000 0.075000
vn 0.000000 0.000000 0.000000
v 0.675000 1.025000 0.125000
vn 0.000000 0.000000 0.000000
v 0.675000 1.075000 0.125000
vn 0.000000 0.000000 0.000000
v 0.675000 1.025000 0.175000
vn 0.000000 0.000000 0.000000
v 0.675000 1.075000 0.175000
vn 0.000000 0.000000 0.000000
v 0.675000 1.125000 0.125000
vn 0.000000 0.000000 0.000000
v 0.675000 1.175000 0.125000
vn 0.000000 0.000000 0.000000
v 0.675000 1.125000 0.175000
vn 0.000000 0.000000 0.000000
v 0.675000 1.175000 0.175000
vn 0.000000 0.000000 0.000000
v 0.425000 0.825000 0.225000
vn 0.000000 0.000000 0.000000
v 0.475000 0.825000 0.225000
vn 0.000000 0.000000 0.000000
v 0.425000 0.875000 0.225000
vn 0.000000 0.000000 0.000000
v 0.475000 0.875000 0.225000
vn 0.000000 0.000000 0.000000
v 0.425000 0.875000 0.275000
vn 0.000000 0.000000 0.000000
v 0.475000 0.875000 0.275000
vn 0.000000 0.000000 0.000000
v 0.525000 0.825000 0.225000
vn 0.000000 0.000000 0.000000
v 0.575000 0.825000 0.225000
vn 0.000000 0.000000 0.000000
v 0.525000 0.875000 0.225000
vn 0.000000 0.000000 0.000000
v 0.575000 0.875000 0.225000
vn 0.000000 0.000000 0.000000
v 0.450000 0.950000 0.250000
vn 0.000000 0.000000 0.000000
v 0.525000 0.925000 0.225000
vn 0.000000 0.000000 0.000000
v 0.575000 0.925000 0.225000
vn 0.000000 0.000000 0.000000
v 0.525000 0.975000 0.225000
vn 0.000000 0.000000 0.000000
v 0.575000 0.975000 0.225000
vn 0.000000 0.000000 0.000000
v 0.525000 0.925000 0.275000
vn 0.000000 0.000000 0.000000
v 0.525000 0.975000 0.275000
vn 0.000000 0.000000 0.000000
v 0.575000 0.975000 0.275000
vn 0.000000 0.000000 0.000000
v 0.625000 0.825000 0.225000
vn 0.000000 0.000000 0.000000
v 0.625000 0.875000 0.225000
vn 0.000000 0.000000 0.000000
v 0.675000 0.875000 0.225000
vn 0.000000 0.000000 0.000000
v 0.625000 0.825000 0.275000
vn 0.000000 0.000000 0.000000
v 0.625000 0.875000 0.275000
vn 0.000000 0.000000 0.000000
v 0.675000 0.875000 0.275000
vn 0.000000 0.000000 0.000000
v 0.650000 0.950000 0.250000
vn 0.000000 0.000000 0.000000
v 0.625000 0.825000 0.325000
vn 0.000000 0.000000 0.000000
v 0.625000 0.875000 0.325000
vn 0.000000 0.000000 0.000000
v 0.675000 0.875000 0.325000
vn 0.000000 0.000000 0.000000
v 0.625000 0.825000 0.375000
vn 0.000000 0.000000 0.000000
v 0.625000 0.875000 0.375000
vn 0.000000 0.000000 0.000000
v 0.675000 0.875000 0.375000
vn 0.000000 0.000000 0.000000
v 0.650000 0.950000 0.350000
vn 0.000000 0.000000 0.000000
v 0.425000 1.025000 0.225000
vn 0.000000 0.000000 0.000000
v 0.475000 1.025000 0.225000
vn 0.000000 0.000000 0.000000
v 0.425000 1.075000 0.225000
vn 0.000000 0.000000 0.000000
v 0.475000 1.075000 0.225000
vn 0.000000 0.000000 0.000000
v 0.525000 1.025000 0.225000
vn 0.000000 0.000000 0.000000
v 0.575000 1.025000 0.225000
vn 0.000000 0.000000 0.000000
v 0.525000 1.075000 0.225000
vn 0.000000 0.000000 0.000000
v 0.575000 1.075000 0.225000
vn 0.000000 0.000000 0.000000
v 0.575000 1.025000 0.275000
vn 0.000000 0.000000 0.000000
v 0.525000 1.075000 0.275000
vn 0.000000 0.000000 0.000000
v 0.575000 1.075000 0.275000
vn 0.000000 0.000000 0.000000
v 0.425000 1.125000 0.225000
vn 0.000000 0.000000 0.000000
v 0.475000 1.125000 0.225000
vn 0.000000 0.000000 0.000000
v 0.425000 1.175000 0.225000
vn 0.000000 0.000000 0.000000
v 0.475000 1.175000 0.225000
vn 0.000000 0.000000 0.000000
v 0.525000 1.125000 0.225000
vn 0.000000 0.000000 0.000000
v 0.575000 1.125000 0.225000
vn 0.000000 0.000000 0.000000
v 0.525000 1.175000 0.225000
vn 0.000000 0.000000 0.000000
v 0.575000 1.175000 0.225000
vn 0.000000 0.000000 0.000000
v 0.650000 1.050000 0.250000
vn 0.000000 0.000000 0.000000
v 0.650000 1.150000 0.250000
vn 0.000000 0.000000 0.000000
v 0.650000 1.050000 0.350000
vn 0.000000 0.000000 0.000000
v 0.625000 1.125000 0.325000
vn 0.000000 0.000000 0.000000
v 0.675000 1.125000 0.325000
vn 0.000000 0.000000 0.000000
v 0.625000 1.175000 0.325000
vn 0.000000 0.000000 0.000000
v 0.675000 1.175000 0.325000
vn 0.000000 0.000000 0.000000
v 0.675000 1.125000 0.375000
vn 0.000000 0.000000 0.000000
v 0.625000 1.175000 0.375000
vn 0.000000 0.000000 0.000000
v 0.675000 1.175000 0.375000
vn 0.000000 0.000000 0.000000
v 0.075000 1.325000 0.025000
vn 0.000000 0.000000 0.000000
v 0.025000 1.375000 0.025000
vn 0.000000 0.000000 0.000000
v 0.075000 1.375000 0.025000
vn 0.000000 0.000000 0.000000
v 0.075000 1.325000 0.075000
vn 0.000000 0.000000 0.000000
v 0.025000 1.375000 0.075000
vn 0.000000 0.000000 0.000000
v 0.075000 1.375000 0.075000
vn 0.000000 0.000000 0.000000
v 0.125000 1.325000 0.025000
vn 0.000000 0.000000 0.000000
v 0.175000 1.325000 0.025000
vn 0.000000 0.000000 0.000000
v 0.125000 1.375000 0.025000
vn 0.000000 0.000000 0.000000
v 0.125000 1.325000 0.075000
vn 0.000000 0.000000 0.000000
v 0.175000 1.325000 0.075000
vn 0.000000 0.000000 0.000000
v 0.025000 1.325000 0.125000
vn 0.000000 0.000000 0.000000
v 0.075000 1.325000 0.125000
vn 0.000000 0.000000 0.000000
v 0.025000 1.375000 0.125000
vn 0.000000 0.000000 0.000000
v 0.025000 1.325000 0.175000
vn 0.000000 0.000000 0.000000
v 0.075000 1.325000 0.175000
vn 0.000000 0.000000 0.000000
v 0.075000 1.375000 0.175000
vn 0.000000 0.000000 0.000000
v 0.125000 1.325000 0.125000
vn 0.000000 0.000000 0.000000
v 0.175000 1.325000 0.125000
vn 0.000000 0.000000 0.000000
v 0.125000 1.375000 0.125000
vn 0.000000 0.000000 0.000000
v 0.125000 1.325000 0.175000
vn 0.000000 0.000000 0.000000
v 0.175000 1.325000 0.175000
vn 0.000000 0.000000 0.000000
v 0.225000 1.325000 0.025000
vn 0.000000 0.000000 0.000000
v 0.275000 1.325000 0.025000
vn 0.000000 0.000000 0.000000
v 0.225000 1.325000 0.075000
vn 0.000000 0.000000 0.000000
v 0.275000 1.325000 0.075000
vn 0.000000 0.000000 0.000000
v 0.225000 1.375000 0.075000
vn 0.000000 0.000000 0.000000
v 0.325000 1.325000 0.025000
vn 0.000000 0.000000 0.000000
v 0.375000 1.325000 0.025000
vn 0.000000 0.000000 0.000000
v 0.325000 1.325000 0.075000
vn 0.000000 0.000000 0.000000
v 0.375000 1.325000 0.075000
vn 0.000000 0.000000 0.000000
v 0.225000 1.325000 0.125000
vn 0.000000 0.000000 0.000000
v 0.275000 1.325000 0.125000
vn 0.000000 0.000000 0.000000
v 0.225000 1.325000 0.175000
vn 0.000000 0.000000 0.000000
v 0.275000 1.325000 0.175000
vn 0.000000 0.000000 0.000000
v 0.275000 1.375000 0.175000
vn 0.000000 0.000000 0.000000
v 0.325000 1.325000 0.125000
vn 0.000000 0.000000 0.000000
v 0.375000 1.325000 0.125000
vn 0.000000 0.000000 0.000000
v 0.325000 1.325000 0.175000
vn 0.000000 0.000000 0.000000
v 0.375000 1.325000 0.175000
vn 0.000000 0.000000 0.000000
v 0.025000 1.225000 0.225000
vn 0.000000 0.000000 0.000000
v 0.075000 1.225000 0.225000
vn 0.000000 0.000000 0.000000
v 0.125000 1.225000 0.225000
vn 0.000000 0.000000 0.000000
v 0.175000 1.225000 0.225000
vn 0.000000 0.000000 0.000000
v 0.025000 1.325000 0.225000
vn 0.000000 0.000000 0.000000
v 0.075000 1.325000 0.225000
vn 0.000000 0.000000 0.000000
v 0.025000 1.375000 0.225000
vn 0.000000 0.000000 0.000000
v 0.075000 1.375000 0.225000
vn 0.000000 0.000000 0.000000
v 0.075000 1.325000 0.275000
vn 0.000000 0.000000 0.000000
v 0.025000 1.375000 0.275000
vn 0.000000 0.000000 0.000000
v 0.075000 1.375000 0.275000
vn 0.000000 0.000000 0.000000
v 0.150000 1.350000 0.250000
vn 0.000000 0.000000 0.000000
v 0.025000 1.375000 0.325000
vn 0.000000 0.000000 0.000000
v 0.075000 1.375000 0.325000
vn 0.000000 0.000000 0.000000
v 0.025000 1.375000 0.375000
vn 0.000000 0.000000 0.000000
v 0.075000 1.375000 0.375000
vn 0.000000 0.000000 0.000000
v 0.150000 1.350000 0.350000
vn 0.000000 0.000000 0.000000
v 0.225000 1.225000 0.225000
vn 0.000000 0.000000 0.000000
v 0.275000 1.225000 0.225000
vn 0.000000 0.000000 0.000000
v 0.225000 1.325000 0.225000
vn 0.000000 0.000000 0.000000
v 0.275000 1.325000 0.225000
vn 0.000000 0.000000 0.000000
v 0.225000 1.375000 0.225000
vn 0.000000 0.000000 0.000000
v 0.275000 1.375000 0.225000
vn 0.000000 0.000000 0.000000
v 0.225000 1.325000 0.275000
vn 0.000000 0.000000 0.000000
v 0.275000 1.325000 0.275000
vn 0.000000 0.000000 0.000000
v 0.275000 1.375000 0.275000
vn 0.000000 0.000000 0.000000
v 0.325000 1.325000 0.225000
vn 0.000000 0.000000 0.000000
v 0.375000 1.325000 0.225000
vn 0.000000 0.000000 0.000000
v 0.325000 1.325000 0.275000
vn 0.000000 0.000000 0.000000
v 0.375000 1.325000 0.275000
vn 0.000000 0.000000 0.000000
v 0.225000 1.325000 0.325000
vn 0.000000 0.000000 0.000000
v 0.275000 1.325000 0.325000
vn 0.000000 0.000000 0.000000
v 0.275000 1.375000 0.325000
vn 0.000000 0.000000 0.000000
v 0.225000 1.325000 0.375000
vn 0.000000 0.000000 0.000000
v 0.275000 1.325000 0.375000
vn 0.000000 0.000000 0.000000
v 0.275000 1.375000 0.375000
vn 0.000000 0.000000 0.000000
v 0.325000 1.325000 0.325000
vn 0.000000 0.000000 0.000000
v 0.375000 1.325000 0.325000
vn 0.000000 0.000000 0.000000
v 0.325000 1.375000 0.325000
vn 0.000000 0.000000 0.000000
v 0.375000 1.375000 0.325000
vn 0.000000 0.000000 0.000000
v 0.325000 1.325000 0.375000
vn 0.000000 0.000000 0.000000
v 0.375000 1.325000 0.375000
vn 0.000000 0.000000 0.000000
v 0.425000 1.325000 0.025000
vn 0.000000 0.000000 0.000000
v 0.475000 1.325000 0.025000
vn 0.000000 0.000000 0.000000
v 0.425000 1.325000 0.075000
vn 0.000000 0.000000 0.000000
v 0.475000 1.325000 0.075000
vn 0.000000 0.000000 0.000000
v 0.525000 1.325000 0.025000
vn 0.000000 0.000000 0.000000
v 0.575000 1.325000 0.025000
vn 0.000000 0.000000 0.000000
v 0.525000 1.325000 0.075000
vn 0.000000 0.000000 0.000000
v 0.575000 1.325000 0.075000
vn 0.000000 0.000000 0.000000
v 0.425000 1.325000 0.125000
vn 0.000000 0.000000 0.000000
v 0.475000 1.325000 0.125000
vn 0.000000 0.000000 0.000000
v 0.425000 1.325000 0.175000
vn 0.000000 0.000000 0.000000
v 0.475000 1.325000 0.175000
vn 0.000000 0.000000 0.000000
v 0.525000 1.325000 0.125000
vn 0.000000 0.000000 0.000000
v 0.575000 1.325000 0.125000
vn 0.000000 0.000000 0.000000
v 0.525000 1.325000 0.175000
vn 0.000000 0.000000 0.000000
v 0.575000 1.325000 0.175000
vn 0.000000 0.000000 0.000000
v 0.675000 1.225000 0.025000
vn 0.000000 0.000000 0.000000
v 0.675000 1.275000 0.025000
vn 0.000000 0.000000 0.000000
v 0.675000 1.225000 0.075000
vn 0.000000 0.000000 0.000000
v 0.675000 1.275000 0.075000
vn 0.000000 0.000000 0.000000
v 0.725000 1.225000 0.025000
vn 0.000000 0.000000 0.000000
v 0.725000 1.275000 0.025000
vn 0.000000 0.000000 0.000000
v 0.725000 1.275000 0.075000
vn 0.000000 0.000000 0.000000
v 0.625000 1.325000 0.025000
vn 0.000000 0.000000 0.000000
v 0.675000 1.325000 0.025000
vn 0.000000 0.000000 0.000000
v 0.625000 1.325000 0.075000
vn 0.000000 0.000000 0.000000
v 0.675000 1.325000 0.075000
vn 0.000000 0.000000 0.000000
v 0.675000 1.225000 0.125000
vn 0.000000 0.000000 0.000000
v 0.675000 1.275000 0.125000
vn 0.000000 0.000000 0.000000
v 0.675000 1.225000 0.175000
vn 0.000000 0.000000 0.000000
v 0.675000 1.275000 0.175000
vn 0.000000 0.000000 0.000000
v 0.625000 1.325000 0.125000
vn 0.000000 0.000000 0.000000
v 0.675000 1.325000 0.125000
vn 0.000000 0.000000 0.000000
v 0.625000 1.375000 0.125000
vn 0.000000 0.000000 0.000000
v 0.625000 1.325000 0.175000
vn 0.000000 0.000000 0.000000
v 0.675000 1.325000 0.175000
vn 0.000000 0.000000 0.000000
v 0.425000 1.225000 0.225000
vn 0.000000 0.000000 0.000000
v 0.475000 1.225000 0.225000
vn 0.000000 0.000000 0.000000
v 0.525000 1.225000 0.225000
vn 0.000000 0.000000 0.000000
v 0.575000 1.225000 0.225000
vn 0.000000 0.000000 0.000000
v 0.425000 1.325000 0.225000
vn 0.000000 0.000000 0.000000
v 0.475000 1.325000 0.225000
vn 0.000000 0.000000 0.000000
v 0.425000 1.325000 0.275000
vn 0.000000 0.000000 0.000000
v 0.475000 1.325000 0.275000
vn 0.000000 0.000000 0.000000
v 0.525000 1.325000 0.225000
vn 0.000000 0.000000 0.000000
v 0.575000 1.325000 0.225000
vn 0.000000 0.000000 0.000000
v 0.525000 1.325000 0.275000
vn 0.000000 0.000000 0.000000
v 0.575000 1.325000 0.275000
vn 0.000000 0.000000 0.000000
v 0.425000 1.325000 0.325000
vn 0.000000 0.000000 0.000000
v 0.475000 1.325000 0.325000
vn 0.000000 0.000000 0.000000
v 0.425000 1.325000 0.375000
vn 0.000000 0.000000 0.000000
v 0.475000 1.325000 0.375000
vn 0.000000 0.000000 0.000000
v 0.525000 1.325000 0.325000
vn 0.000000 0.000000 0.000000
v 0.575000 1.325000 0.325000
vn 0.000000 0.000000 0.000000
v 0.525000 1.325000 0.375000
vn 0.000000 0.000000 0.000000
v 0.575000 1.325000 0.375000
vn 0.000000 0.000000 0.000000
v 0.575000 1.375000 0.375000
vn 0.000000 0.000000 0.000000
v 0.625000 1.225000 0.225000
vn 0.000000 0.000000 0.000000
v 0.675000 1.225000 0.225000
vn 0.000000 0.000000 0.000000
v 0.625000 1.275000 0.225000
vn 0.000000 0.000000 0.000000
v 0.675000 1.275000 0.225000
vn 0.000000 0.000000 0.000000
v 0.625000 1.225000 0.275000
vn 0.000000 0.000000 0.000000
v 0.675000 1.225000 0.275000
vn 0.000000 0.000000 0.000000
v 0.675000 1.275000 0.275000
vn 0.000000 0.000000 0.000000
v 0.725000 1.275000 0.275000
vn 0.000000 0.000000 0.000000
v 0.625000 1.325000 0.225000
vn 0.000000 0.000000 0.000000
v 0.675000 1.325000 0.225000
vn 0.000000 0.000000 0.000000
v 0.625000 1.375000 0.225000
vn 0.000000 0.000000 0.000000
v 0.625000 1.325000 0.275000
vn 0.000000 0.000000 0.000000
v 0.675000 1.325000 0.275000
vn 0.000000 0.000000 0.000000
v 0.625000 1.375000 0.275000
vn 0.000000 0.000000 0.000000
v 0.675000 1.225000 0.325000
vn 0.000000 0.000000 0.000000
v 0.675000 1.275000 0.325000
vn 0.000000 0.000000 0.000000
v 0.675000 1.225000 0.375000
vn 0.000000 0.000000 0.000000
v 0.675000 1.275000 0.375000
vn 0.000000 0.000000 0.000000
v 0.625000 1.325000 0.325000
vn 0.000000 0.000000 0.000000
v 0.675000 1.325000 0.325000
vn 0.000000 0.000000 0.000000
v 0.625000 1.375000 0.325000
vn 0.000000 0.000000 0.000000
v 0.625000 1.325000 0.375000
vn 0.000000 0.000000 0.000000
v 0.675000 1.325000 0.375000
vn 0.000000 0.000000 0.000000
v 0.625000 1.375000 0.375000
vn 0.000000 0.000000 0.000000
v 0.025000 0.825000 0.525000
vn 0.000000 0.000000 0.000000
v 0.075000 0.825000 0.525000
vn 0.000000 0.000000 0.000000
v 0.025000 0.875000 0.525000
vn 0.000000 0.000000 0.000000
v 0.075000 0.875000 0.525000
vn 0.000000 0.000000 0.000000
v 0.125000 0.825000 0.525000
vn 0.000000 0.000000 0.000000
v 0.175000 0.825000 0.525000
vn 0.000000 0.000000 0.000000
v 0.125000 0.875000 0.525000
vn 0.000000 0.000000 0.000000
v 0.175000 0.875000 0.525000
vn 0.000000 0.000000 0.000000
v 0.025000 0.925000 0.525000
vn 0.000000 0.000000 0.000000
v 0.075000 0.925000 0.525000
vn 0.000000 0.000000 0.000000
v 0.025000 0.975000 0.525000
vn 0.000000 0.000000 0.000000
v 0.075000 0.975000 0.525000
vn 0.000000 0.000000 0.000000
v 0.125000 0.925000 0.525000
vn 0.000000 0.000000 0.000000
v 0.175000 0.925000 0.525000
vn 0.000000 0.000000 0.000000
v 0.125000 0.975000 0.525000
vn 0.000000 0.000000 0.000000
v 0.175000 0.975000 0.525000
vn 0.000000 0.000000 0.000000
v 0.275000 0.825000 0.475000
vn 0.000000 0.000000 0.000000
v 0.225000 0.825000 0.525000
vn 0.000000 0.000000 0.000000
v 0.275000 0.825000 0.525000
vn 0.000000 0.000000 0.000000
v 0.225000 0.875000 0.525000
vn 0.000000 0.000000 0.000000
v 0.275000 0.875000 0.525000
vn 0.000000 0.000000 0.000000
v 0.325000 0.825000 0.525000
vn 0.000000 0.000000 0.000000
v 0.375000 0.825000 0.525000
vn 0.000000 0.000000 0.000000
v 0.325000 0.875000 0.525000
vn 0.000000 0.000000 0.000000
v 0.375000 0.875000 0.525000
vn 0.000000 0.000000 0.000000
v 0.225000 0.925000 0.525000
vn 0.000000 0.000000 0.000000
v 0.275000 0.925000 0.525000
vn 0.000000 0.000000 0.000000
v 0.225000 0.975000 0.525000
vn 0.000000 0.000000 0.000000
v 0.275000 0.975000 0.525000
vn 0.000000 0.000000 0.000000
v 0.225000 0.925000 0.575000
vn 0.000000 0.000000 0.000000
v 0.275000 0.925000 0.575000
vn 0.000000 0.000000 0.000000
v 0.325000 0.925000 0.525000
vn 0.000000 0.000000 0.000000
v 0.375000 0.925000 0.525000
vn 0.000000 0.000000 0.000000
v 0.325000 0.975000 0.525000
vn 0.000000 0.000000 0.000000
v 0.375000 0.975000 0.525000
vn 0.000000 0.000000 0.000000
v 0.325000 0.925000 0.575000
vn 0.000000 0.000000 0.000000
v 0.325000 0.975000 0.575000
vn 0.000000 0.000000 0.000000
v 0.025000 1.025000 0.525000
vn 0.000000 0.000000 0.000000
v 0.075000 1.025000 0.525000
vn 0.000000 0.000000 0.000000
v 0.025000 1.075000 0.525000
vn 0.000000 0.000000 0.000000
v 0.075000 1.075000 0.525000
vn 0.000000 0.000000 0.000000
v 0.025000 1.025000 0.575000
vn 0.000000 0.000000 0.000000
v 0.025000 1.075000 0.575000
vn 0.000000 0.000000 0.000000
v 0.075000 1.075000 0.575000
vn 0.000000 0.000000 0.000000
v 0.125000 1.025000 0.525000
vn 0.000000 0.000000 0.000000
v 0.175000 1.025000 0.525000
vn 0.000000 0.000000 0.000000
v 0.125000 1.075000 0.525000
vn 0.000000 0.000000 0.000000
v 0.175000 1.075000 0.525000
vn 0.000000 0.000000 0.000000
v 0.025000 1.125000 0.525000
vn 0.000000 0.000000 0.000000
v 0.075000 1.125000 0.525000
vn 0.000000 0.000000 0.000000
v 0.025000 1.175000 0.525000
vn 0.000000 0.000000 0.000000
v 0.075000 1.175000 0.525000
vn 0.000000 0.000000 0.000000
v 0.125000 1.125000 0.525000
vn 0.000000 0.000000 0.000000
v 0.175000 1.125000 0.525000
vn 0.000000 0.000000 0.000000
v 0.125000 1.175000 0.525000
vn 0.000000 0.000000 0.000000
v 0.175000 1.175000 0.525000
vn 0.000000 0.000000 0.000000
v 0.225000 1.025000 0.525000
vn 0.000000 0.000000 0.000000
v 0.275000 1.025000 0.525000
vn 0.000000 0.000000 0.000000
v 0.225000 1.075000 0.525000
vn 0.000000 0.000000 0.000000
v 0.275000 1.075000 0.525000
vn 0.000000 0.000000 0.000000
v 0.325000 1.025000 0.525000
vn 0.000000 0.000000 0.000000
v 0.375000 1.025000 0.525000
vn 0.000000 0.000000 0.000000
v 0.325000 1.075000 0.525000
vn 0.000000 0.000000 0.000000
v 0.375000 1.075000 0.525000
vn 0.000000 0.000000 0.000000
v 0.225000 1.125000 0.525000
vn 0.000000 0.000000 0.000000
v 0.275000 1.125000 0.525000
vn 0.000000 0.000000 0.000000
v 0.225000 1.175000 0.525000
vn 0.000000 0.000000 0.000000
v 0.275000 1.175000 0.525000
vn 0.000000 0.000000 0.000000
v 0.325000 1.125000 0.525000
vn 0.000000 0.000000 0.000000
v 0.375000 1.125000 0.525000
vn 0.000000 0.000000 0.000000
v 0.325000 1.175000 0.525000
vn 0.000000 0.000000 0.000000
v 0.375000 1.175000 0.525000
vn 0.000000 0.000000 0.000000
v 0.225000 0.925000 0.625000
vn 0.000000 0.000000 0.000000
v 0.275000 0.925000 0.625000
vn 0.000000 0.000000 0.000000
v 0.225000 0.975000 0.625000
vn 0.000000 0.000000 0.000000
v 0.225000 0.925000 0.675000
vn 0.000000 0.000000 0.000000
v 0.275000 0.925000 0.675000
vn 0.000000 0.000000 0.000000
v 0.325000 0.925000 0.625000
vn 0.000000 0.000000 0.000000
v 0.325000 0.925000 0.675000
vn 0.000000 0.000000 0.000000
v 0.225000 0.925000 0.725000
vn 0.000000 0.000000 0.000000
v 0.275000 0.925000 0.725000
vn 0.000000 0.000000 0.000000
v 0.325000 0.925000 0.725000
vn 0.000000 0.000000 0.000000
v 0.325000 0.975000 0.725000
vn 0.000000 0.000000 0.000000
v 0.025000 1.025000 0.625000
vn 0.000000 0.000000 0.000000
v 0.025000 1.075000 0.625000
vn 0.000000 0.000000 0.000000
v 0.075000 1.075000 0.625000
vn 0.000000 0.000000 0.000000
v 0.025000 1.025000 0.675000
vn 0.000000 0.000000 0.000000
v 0.025000 1.075000 0.675000
vn 0.000000 0.000000 0.000000
v 0.025000 1.075000 0.725000
vn 0.000000 0.000000 0.000000
v 0.475000 0.825000 0.475000
vn 0.000000 0.000000 0.000000
v 0.575000 0.825000 0.475000
vn 0.000000 0.000000 0.000000
v 0.425000 0.825000 0.525000
vn 0.000000 0.000000 0.000000
v 0.475000 0.825000 0.525000
vn 0.000000 0.000000 0.000000
v 0.425000 0.875000 0.525000
vn 0.000000 0.000000 0.000000
v 0.475000 0.875000 0.525000
vn 0.000000 0.000000 0.000000
v 0.525000 0.825000 0.525000
vn 0.000000 0.000000 0.000000
v 0.575000 0.825000 0.525000
vn 0.000000 0.000000 0.000000
v 0.525000 0.875000 0.525000
vn 0.000000 0.000000 0.000000
v 0.575000 0.875000 0.525000
vn 0.000000 0.000000 0.000000
v 0.425000 0.925000 0.525000
vn 0.000000 0.000000 0.000000
v 0.475000 0.925000 0.525000
vn 0.000000 0.000000 0.000000
v 0.425000 0.975000 0.525000
vn 0.000000 0.000000 0.000000
v 0.475000 0.975000 0.525000
vn 0.000000 0.000000 0.000000
v 0.525000 0.925000 0.525000
vn 0.000000 0.000000 0.000000
v 0.575000 0.925000 0.525000
vn 0.000000 0.000000 0.000000
v 0.525000 0.975000 0.525000
vn 0.000000 0.000000 0.000000
v 0.575000 0.975000 0.525000
vn 0.000000 0.000000 0.000000
v 0.625000 0.825000 0.425000
vn 0.000000 0.000000 0.000000
v 0.625000 0.875000 0.425000
vn 0.000000 0.000000 0.000000
v 0.675000 0.875000 0.425000
vn 0.000000 0.000000 0.000000
v 0.625000 0.825000 0.475000
vn 0.000000 0.000000 0.000000
v 0.675000 0.875000 0.475000
vn 0.000000 0.000000 0.000000
v 0.675000 0.925000 0.425000
vn 0.000000 0.000000 0.000000
v 0.625000 0.975000 0.425000
vn 0.000000 0.000000 0.000000
v 0.675000 0.975000 0.425000
vn 0.000000 0.000000 0.000000
v 0.625000 0.925000 0.475000
vn 0.000000 0.000000 0.000000
v 0.675000 0.925000 0.475000
vn 0.000000 0.000000 0.000000
v 0.625000 0.975000 0.475000
vn 0.000000 0.000000 0.000000
v 0.675000 0.975000 0.475000
vn 0.000000 0.000000 0.000000
v 0.625000 0.825000 0.525000
vn 0.000000 0.000000 0.000000
v 0.625000 0.875000 0.525000
vn 0.000000 0.000000 0.000000
v 0.675000 0.875000 0.525000
vn 0.000000 0.000000 0.000000
v 0.625000 0.825000 0.575000
vn 0.000000 0.000000 0.000000
v 0.625000 0.875000 0.575000
vn 0.000000 0.000000 0.000000
v 0.675000 0.875000 0.575000
vn 0.000000 0.000000 0.000000
v 0.650000 0.950000 0.550000
vn 0.000000 0.000000 0.000000
v 0.425000 1.025000 0.525000
vn 0.000000 0.000000 0.000000
v 0.475000 1.025000 0.525000
vn 0.000000 0.000000 0.000000
v 0.425000 1.075000 0.525000
vn 0.000000 0.000000 0.000000
v 0.475000 1.075000 0.525000
vn 0.000000 0.000000 0.000000
v 0.525000 1.025000 0.525000
vn 0.000000 0.000000 0.000000
v 0.575000 1.025000 0.525000
vn 0.000000 0.000000 0.000000
v 0.525000 1.075000 0.525000
vn 0.000000 0.000000 0.000000
v 0.575000 1.075000 0.525000
vn 0.000000 0.000000 0.000000
v 0.425000 1.125000 0.525000
vn 0.000000 0.000000 0.000000
v 0.475000 1.125000 0.525000
vn 0.000000 0.000000 0.000000
v 0.425000 1.175000 0.525000
vn 0.000000 0.000000 0.000000
v 0.475000 1.175000 0.525000
vn 0.000000 0.000000 0.000000
v 0.525000 1.125000 0.525000
vn 0.000000 0.000000 0.000000
v 0.575000 1.125000 0.525000
vn 0.000000 0.000000 0.000000
v 0.525000 1.175000 0.525000
vn 0.000000 0.000000 0.000000
v 0.575000 1.175000 0.525000
vn 0.000000 0.000000 0.000000
v 0.625000 1.025000 0.425000
vn 0.000000 0.000000 0.000000
v 0.625000 1.075000 0.425000
vn 0.000000 0.000000 0.000000
v 0.675000 1.075000 0.425000
vn 0.000000 0.000000 0.000000
v 0.625000 1.025000 0.475000
vn 0.000000 0.000000 0.000000
v 0.625000 1.075000 0.475000
vn 0.000000 0.000000 0.000000
v 0.625000 1.125000 0.425000
vn 0.000000 0.000000 0.000000
v 0.675000 1.125000 0.425000
vn 0.000000 0.000000 0.000000
v 0.625000 1.175000 0.425000
vn 0.000000 0.000000 0.000000
v 0.675000 1.175000 0.425000
vn 0.000000 0.000000 0.000000
v 0.625000 1.125000 0.475000
vn 0.000000 0.000000 0.000000
v 0.675000 1.125000 0.475000
vn 0.000000 0.000000 0.000000
v 0.675000 1.175000 0.475000
vn 0.000000 0.000000 0.000000
v 0.650000 1.050000 0.550000
vn 0.000000 0.000000 0.000000
v 0.650000 1.150000 0.550000
vn 0.000000 0.000000 0.000000
v 0.625000 0.825000 0.625000
vn 0.000000 0.000000 0.000000
v 0.625000 0.875000 0.625000
vn 0.000000 0.000000 0.000000
v 0.675000 0.875000 0.625000
vn 0.000000 0.000000 0.000000
v 0.625000 0.825000 0.675000
vn 0.000000 0.000000 0.000000
v 0.625000 0.875000 0.675000
vn 0.000000 0.000000 0.000000
v 0.675000 0.875000 0.675000
vn 0.000000 0.000000 0.000000
v 0.650000 0.950000 0.650000
vn 0.000000 0.000000 0.000000
v 0.625000 0.825000 0.725000
vn 0.000000 0.000000 0.000000
v 0.625000 0.875000 0.725000
vn 0.000000 0.000000 0.000000
v 0.625000 0.825000 0.775000
vn 0.000000 0.000000 0.000000
v 0.625000 0.875000 0.775000
vn 0.000000 0.000000 0.000000
v 0.625000 0.925000 0.725000
vn 0.000000 0.000000 0.000000
v 0.675000 0.925000 0.725000
vn 0.000000 0.000000 0.000000
v 0.625000 0.975000 0.725000
vn 0.000000 0.000000 0.000000
v 0.675000 0.975000 0.725000
vn 0.000000 0.000000 0.000000
v 0.625000 0.925000 0.775000
vn 0.000000 0.000000 0.000000
v 0.625000 0.975000 0.775000
vn 0.000000 0.000000 0.000000
v 0.675000 0.975000 0.775000
vn 0.000000 0.000000 0.000000
v 0.650000 1.050000 0.650000
vn 0.000000 0.000000 0.000000
v 0.650000 1.150000 0.650000
vn 0.000000 0.000000 0.000000
v 0.650000 1.050000 0.750000
vn 0.000000 0.000000 0.000000
v 0.650000 1.150000 0.750000
vn 0.000000 0.000000 0.000000
v 0.125000 1.275000 0.475000
vn 0.000000 0.000000 0.000000
v 0.175000 1.275000 0.475000
vn 0.000000 0.000000 0.000000
v 0.025000 1.375000 0.425000
vn 0.000000 0.000000 0.000000
v 0.075000 1.375000 0.425000
vn 0.000000 0.000000 0.000000
v 0.075000 1.325000 0.475000
vn 0.000000 0.000000 0.000000
v 0.025000 1.375000 0.475000
vn 0.000000 0.000000 0.000000
v 0.075000 1.375000 0.475000
vn 0.000000 0.000000 0.000000
v 0.175000 1.325000 0.425000
vn 0.000000 0.000000 0.000000
v 0.125000 1.375000 0.425000
vn 0.000000 0.000000 0.000000
v 0.175000 1.375000 0.425000
vn 0.000000 0.000000 0.000000
v 0.125000 1.325000 0.475000
vn 0.000000 0.000000 0.000000
v 0.175000 1.325000 0.475000
vn 0.000000 0.000000 0.000000
v 0.125000 1.375000 0.475000
vn 0.000000 0.000000 0.000000
v 0.175000 1.375000 0.475000
vn 0.000000 0.000000 0.000000
v 0.025000 1.225000 0.525000
vn 0.000000 0.000000 0.000000
v 0.075000 1.225000 0.525000
vn 0.000000 0.000000 0.000000
v 0.025000 1.275000 0.525000
vn 0.000000 0.000000 0.000000
v 0.075000 1.275000 0.525000
vn 0.000000 0.000000 0.000000
v 0.125000 1.225000 0.525000
vn 0.000000 0.000000 0.000000
v 0.175000 1.225000 0.525000
vn 0.000000 0.000000 0.000000
v 0.125000 1.275000 0.525000
vn 0.000000 0.000000 0.000000
v 0.175000 1.275000 0.525000
vn 0.000000 0.000000 0.000000
v 0.050000 1.350000 0.550000
vn 0.000000 0.000000 0.000000
v 0.150000 1.350000 0.550000
vn 0.000000 0.000000 0.000000
v 0.225000 1.275000 0.475000
vn 0.000000 0.000000 0.000000
v 0.250000 1.350000 0.450000
vn 0.000000 0.000000 0.000000
v 0.325000 1.325000 0.425000
vn 0.000000 0.000000 0.000000
v 0.375000 1.325000 0.425000
vn 0.000000 0.000000 0.000000
v 0.325000 1.375000 0.425000
vn 0.000000 0.000000 0.000000
v 0.325000 1.325000 0.475000
vn 0.000000 0.000000 0.000000
v 0.375000 1.325000 0.475000
vn 0.000000 0.000000 0.000000
v 0.325000 1.375000 0.475000
vn 0.000000 0.000000 0.000000
v 0.375000 1.375000 0.475000
vn 0.000000 0.000000 0.000000
v 0.225000 1.225000 0.525000
vn 0.000000 0.000000 0.000000
v 0.275000 1.225000 0.525000
vn 0.000000 0.000000 0.000000
v 0.225000 1.275000 0.525000
vn 0.000000 0.000000 0.000000
v 0.275000 1.275000 0.525000
vn 0.000000 0.000000 0.000000
v 0.325000 1.225000 0.525000
vn 0.000000 0.000000 0.000000
v 0.375000 1.225000 0.525000
vn 0.000000 0.000000 0.000000
v 0.325000 1.275000 0.525000
vn 0.000000 0.000000 0.000000
v 0.375000 1.275000 0.525000
vn 0.000000 0.000000 0.000000
v 0.250000 1.350000 0.550000
vn 0.000000 0.000000 0.000000
v 0.325000 1.325000 0.525000
vn 0.000000 0.000000 0.000000
v 0.375000 1.325000 0.525000
vn 0.000000 0.000000 0.000000
v 0.325000 1.375000 0.525000
vn 0.000000 0.000000 0.000000
v 0.325000 1.325000 0.575000
vn 0.000000 0.000000 0.000000
v 0.375000 1.325000 0.575000
vn 0.000000 0.000000 0.000000
v 0.325000 1.375000 0.575000
vn 0.000000 0.000000 0.000000
v 0.375000 1.375000 0.575000
vn 0.000000 0.000000 0.000000
v 0.050000 1.350000 0.650000
vn 0.000000 0.000000 0.000000
v 0.150000 1.350000 0.650000
vn 0.000000 0.000000 0.000000
v 0.050000 1.350000 0.750000
vn 0.000000 0.000000 0.000000
v 0.150000 1.350000 0.750000
vn 0.000000 0.000000 0.000000
v 0.250000 1.350000 0.650000
vn 0.000000 0.000000 0.000000
v 0.350000 1.350000 0.650000
vn 0.000000 0.000000 0.000000
v 0.250000 1.350000 0.750000
vn 0.000000 0.000000 0.000000
v 0.350000 1.350000 0.750000
vn 0.000000 0.000000 0.000000
v 0.425000 1.325000 0.425000
vn 0.000000 0.000000 0.000000
v 0.475000 1.325000 0.425000
vn 0.000000 0.000000 0.000000
v 0.425000 1.325000 0.475000
vn 0.000000 0.000000 0.000000
v 0.475000 1.325000 0.475000
vn 0.000000 0.000000 0.000000
v 0.525000 1.325000 0.425000
vn 0.000000 0.000000 0.000000
v 0.575000 1.325000 0.425000
vn 0.000000 0.000000 0.000000
v 0.575000 1.375000 0.425000
vn 0.000000 0.000000 0.000000
v 0.525000 1.325000 0.475000
vn 0.000000 0.000000 0.000000
v 0.575000 1.325000 0.475000
vn 0.000000 0.000000 0.000000
v 0.525000 1.375000 0.475000
vn 0.000000 0.000000 0.000000
v 0.575000 1.375000 0.475000
vn 0.000000 0.000000 0.000000
v 0.425000 1.225000 0.525000
vn 0.000000 0.000000 0.000000
v 0.475000 1.225000 0.525000
vn 0.000000 0.000000 0.000000
v 0.425000 1.275000 0.525000
vn 0.000000 0.000000 0.000000
v 0.475000 1.275000 0.525000
vn 0.000000 0.000000 0.000000
v 0.525000 1.225000 0.525000
vn 0.000000 0.000000 0.000000
v 0.575000 1.225000 0.525000
vn 0.000000 0.000000 0.000000
v 0.525000 1.275000 0.525000
vn 0.000000 0.000000 0.000000
v 0.575000 1.275000 0.525000
vn 0.000000 0.000000 0.000000
v 0.450000 1.350000 0.550000
vn 0.000000 0.000000 0.000000
v 0.525000 1.325000 0.525000
vn 0.000000 0.000000 0.000000
v 0.575000 1.325000 0.525000
vn 0.000000 0.000000 0.000000
v 0.525000 1.325000 0.575000
vn 0.000000 0.000000 0.000000
v 0.575000 1.325000 0.575000
vn 0.000000 0.000000 0.000000
v 0.525000 1.375000 0.575000
vn 0.000000 0.000000 0.000000
v 0.625000 1.225000 0.425000
vn 0.000000 0.000000 0.000000
v 0.675000 1.225000 0.425000
vn 0.000000 0.000000 0.000000
v 0.675000 1.275000 0.425000
vn 0.000000 0.000000 0.000000
v 0.675000 1.225000 0.475000
vn 0.000000 0.000000 0.000000
v 0.675000 1.275000 0.475000
vn 0.000000 0.000000 0.000000
v 0.625000 1.325000 0.425000
vn 0.000000 0.000000 0.000000
v 0.675000 1.325000 0.425000
vn 0.000000 0.000000 0.000000
v 0.625000 1.375000 0.425000
vn 0.000000 0.000000 0.000000
v 0.625000 1.325000 0.475000
vn 0.000000 0.000000 0.000000
v 0.675000 1.325000 0.475000
vn 0.000000 0.000000 0.000000
v 0.625000 1.375000 0.475000
vn 0.000000 0.000000 0.000000
v 0.650000 1.250000 0.550000
vn 0.000000 0.000000 0.000000
v 0.625000 1.325000 0.525000
vn 0.000000 0.000000 0.000000
v 0.675000 1.325000 0.525000
vn 0.000000 0.000000 0.000000
v 0.625000 1.325000 0.575000
vn 0.000000 0.000000 0.000000
v 0.675000 1.325000 0.575000
vn 0.000000 0.000000 0.000000
v 0.450000 1.350000 0.650000
vn 0.000000 0.000000 0.000000
v 0.525000 1.325000 0.625000
vn 0.000000 0.000000 0.000000
v 0.575000 1.325000 0.625000
vn 0.000000 0.000000 0.000000
v 0.525000 1.325000 0.675000
vn 0.000000 0.000000 0.000000
v 0.575000 1.325000 0.675000
vn 0.000000 0.000000 0.000000
v 0.525000 1.375000 0.675000
vn 0.000000 0.000000 0.000000
v 0.450000 1.350000 0.750000
vn 0.000000 0.000000 0.000000
v 0.525000 1.325000 0.725000
vn 0.000000 0.000000 0.000000
v 0.575000 1.325000 0.725000
vn 0.000000 0.000000 0.000000
v 0.525000 1.375000 0.725000
vn 0.000000 0.000000 0.000000
v 0.525000 1.325000 0.775000
vn 0.000000 0.000000 0.000000
v 0.575000 1.325000 0.775000
vn 0.000000 0.000000 0.000000
v 0.525000 1.375000 0.775000
vn 0.000000 0.000000 0.000000
v 0.575000 1.375000 0.775000
vn 0.000000 0.000000 0.000000
v 0.650000 1.250000 0.650000
vn 0.000000 0.000000 0.000000
v 0.625000 1.325000 0.625000
vn 0.000000 0.000000 0.000000
v 0.675000 1.325000 0.625000
vn 0.000000 0.000000 0.000000
v 0.625000 1.325000 0.675000
vn 0.000000 0.000000 0.000000
v 0.675000 1.325000 0.675000
vn 0.000000 0.000000 0.000000
v 0.650000 1.250000 0.750000
vn 0.000000 0.000000 0.000000
v 0.625000 1.325000 0.725000
vn 0.000000 0.000000 0.000000
v 0.675000 1.325000 0.725000
vn 0.000000 0.000000 0.000000
v 0.625000 1.325000 0.775000
vn 0.000000 0.000000 0.000000
v 0.675000 1.325000 0.775000
vn 0.000000 0.000000 0.000000
v 0.625000 1.375000 0.775000
vn 0.000000 0.000000 0.000000
v 0.275000 0.775000 1.025000
vn 0.000000 0.000000 0.000000
v 0.275000 0.775000 1.075000
vn 0.000000 0.000000 0.000000
v 0.325000 0.775000 1.025000
vn 0.000000 0.000000 0.000000
v 0.375000 0.775000 1.025000
vn 0.000000 0.000000 0.000000
v 0.325000 0.775000 1.075000
vn 0.000000 0.000000 0.000000
v 0.375000 0.775000 1.075000
vn 0.000000 0.000000 0.000000
v 0.575000 0.725000 0.825000
vn 0.000000 0.000000 0.000000
v 0.575000 0.775000 0.825000
vn 0.000000 0.000000 0.000000
v 0.575000 0.725000 0.875000
vn 0.000000 0.000000 0.000000
v 0.575000 0.775000 0.875000
vn 0.000000 0.000000 0.000000
v 0.575000 0.725000 0.925000
vn 0.000000 0.000000 0.000000
v 0.575000 0.775000 0.925000
vn 0.000000 0.000000 0.000000
v 0.575000 0.725000 0.975000
vn 0.000000 0.000000 0.000000
v 0.575000 0.775000 0.975000
vn 0.000000 0.000000 0.000000
v 0.725000 0.675000 0.825000
vn 0.000000 0.000000 0.000000
v 0.775000 0.675000 0.825000
vn 0.000000 0.000000 0.000000
v 0.725000 0.675000 0.875000
vn 0.000000 0.000000 0.000000
v 0.775000 0.675000 0.875000
vn 0.000000 0.000000 0.000000
v 0.625000 0.725000 0.825000
vn 0.000000 0.000000 0.000000
v 0.675000 0.725000 0.825000
vn 0.000000 0.000000 0.000000
v 0.625000 0.775000 0.825000
vn 0.000000 0.000000 0.000000
v 0.625000 0.725000 0.875000
vn 0.000000 0.000000 0.000000
v 0.675000 0.725000 0.875000
vn 0.000000 0.000000 0.000000
v 0.625000 0.775000 0.875000
vn 0.000000 0.000000 0.000000
v 0.725000 0.725000 0.825000
vn 0.000000 0.000000 0.000000
v 0.725000 0.725000 0.875000
vn 0.000000 0.000000 0.000000
v 0.725000 0.675000 0.925000
vn 0.000000 0.000000 0.000000
v 0.775000 0.675000 0.925000
vn 0.000000 0.000000 0.000000
v 0.725000 0.675000 0.975000
vn 0.000000 0.000000 0.000000
v 0.775000 0.675000 0.975000
vn 0.000000 0.000000 0.000000
v 0.625000 0.725000 0.925000
vn 0.000000 0.000000 0.000000
v 0.675000 0.725000 0.925000
vn 0.000000 0.000000 0.000000
v 0.625000 0.775000 0.925000
vn 0.000000 0.000000 0.000000
v 0.625000 0.725000 0.975000
vn 0.000000 0.000000 0.000000
v 0.675000 0.725000 0.975000
vn 0.000000 0.000000 0.000000
v 0.625000 0.775000 0.975000
vn 0.000000 0.000000 0.000000
v 0.725000 0.725000 0.925000
vn 0.000000 0.000000 0.000000
v 0.725000 0.725000 0.975000
vn 0.000000 0.000000 0.000000
v 0.425000 0.775000 1.025000
vn 0.000000 0.000000 0.000000
v 0.475000 0.775000 1.025000
vn 0.000000 0.000000 0.000000
v 0.425000 0.775000 1.075000
vn 0.000000 0.000000 0.000000
v 0.475000 0.775000 1.075000
vn 0.000000 0.000000 0.000000
v 0.575000 0.725000 1.025000
vn 0.000000 0.000000 0.000000
v 0.525000 0.775000 1.025000
vn 0.000000 0.000000 0.000000
v 0.575000 0.775000 1.025000
vn 0.000000 0.000000 0.000000
v 0.575000 0.725000 1.075000
vn 0.000000 0.000000 0.000000
v 0.525000 0.775000 1.075000
vn 0.000000 0.000000 0.000000
v 0.575000 0.775000 1.075000
vn 0.000000 0.000000 0.000000
v 0.625000 0.725000 1.025000
vn 0.000000 0.000000 0.000000
v 0.675000 0.725000 1.025000
vn 0.000000 0.000000 0.000000
v 0.625000 0.775000 1.025000
vn 0.000000 0.000000 0.000000
v 0.625000 0.725000 1.075000
vn 0.000000 0.000000 0.000000
v 0.625000 0.775000 1.075000
vn 0.000000 0.000000 0.000000
v 0.875000 0.625000 0.825000
vn 0.000000 0.000000 0.000000
v 0.825000 0.675000 0.825000
vn 0.000000 0.000000 0.000000
v 0.875000 0.675000 0.825000
vn 0.000000 0.000000 0.000000
v 0.875000 0.625000 0.875000
vn 0.000000 0.000000 0.000000
v 0.825000 0.675000 0.875000
vn 0.000000 0.000000 0.000000
v 0.875000 0.675000 0.875000
vn 0.000000 0.000000 0.000000
v 0.925000 0.625000 0.825000
vn 0.000000 0.000000 0.000000
v 0.975000 0.625000 0.825000
vn 0.000000 0.000000 0.000000
v 0.625000 0.825000 0.825000
vn 0.000000 0.000000 0.000000
v 0.625000 0.875000 0.825000
vn 0.000000 0.000000 0.000000
v 0.625000 0.825000 0.875000
vn 0.000000 0.000000 0.000000
v 0.625000 0.875000 0.875000
vn 0.000000 0.000000 0.000000
v 0.625000 0.925000 0.825000
vn 0.000000 0.000000 0.000000
v 0.625000 0.975000 0.825000
vn 0.000000 0.000000 0.000000
v 0.675000 0.975000 0.825000
vn 0.000000 0.000000 0.000000
v 0.625000 0.925000 0.875000
vn 0.000000 0.000000 0.000000
v 0.625000 0.975000 0.875000
vn 0.000000 0.000000 0.000000
v 0.625000 0.825000 0.925000
vn 0.000000 0.000000 0.000000
v 0.625000 0.875000 0.925000
vn 0.000000 0.000000 0.000000
v 0.625000 0.825000 0.975000
vn 0.000000 0.000000 0.000000
v 0.625000 0.875000 0.975000
vn 0.000000 0.000000 0.000000
v 0.625000 0.925000 0.925000
vn 0.000000 0.000000 0.000000
v 0.625000 0.975000 0.925000
vn 0.000000 0.000000 0.000000
v 0.625000 0.925000 0.975000
vn 0.000000 0.000000 0.000000
v 0.625000 0.975000 0.975000
vn 0.000000 0.000000 0.000000
v 0.650000 1.050000 0.850000
vn 0.000000 0.000000 0.000000
v 0.650000 1.150000 0.850000
vn 0.000000 0.000000 0.000000
v 0.625000 1.025000 0.925000
vn 0.000000 0.000000 0.000000
v 0.625000 1.075000 0.925000
vn 0.000000 0.000000 0.000000
v 0.675000 1.075000 0.925000
vn 0.000000 0.000000 0.000000
v 0.625000 1.025000 0.975000
vn 0.000000 0.000000 0.000000
v 0.625000 1.075000 0.975000
vn 0.000000 0.000000 0.000000
v 0.675000 1.075000 0.975000
vn 0.000000 0.000000 0.000000
v 0.650000 1.150000 0.950000
vn 0.000000 0.000000 0.000000
v 0.625000 0.825000 1.025000
vn 0.000000 0.000000 0.000000
v 0.625000 0.875000 1.025000
vn 0.000000 0.000000 0.000000
v 0.625000 0.925000 1.025000
vn 0.000000 0.000000 0.000000
v 0.625000 0.975000 1.025000
vn 0.000000 0.000000 0.000000
v 0.625000 0.925000 1.075000
vn 0.000000 0.000000 0.000000
v 0.625000 0.975000 1.075000
vn 0.000000 0.000000 0.000000
v 0.625000 1.025000 1.025000
vn 0.000000 0.000000 0.000000
v 0.625000 1.075000 1.025000
vn 0.000000 0.000000 0.000000
v 0.625000 1.025000 1.075000
vn 0.000000 0.000000 0.000000
v 0.625000 1.075000 1.075000
vn 0.000000 0.000000 0.000000
v 0.625000 1.125000 1.025000
vn 0.000000 0.000000 0.000000
v 0.675000 1.125000 1.025000
vn 0.000000 0.000000 0.000000
v 0.625000 1.175000 1.025000
vn 0.000000 0.000000 0.000000
v 0.675000 1.175000 1.025000
vn 0.000000 0.000000 0.000000
v 0.625000 1.125000 1.075000
vn 0.000000 0.000000 0.000000
v 0.625000 1.175000 1.075000
vn 0.000000 0.000000 0.000000
v 0.675000 1.175000 1.075000
vn 0.000000 0.000000 0.000000
v 0.050000 1.350000 0.850000
vn 0.000000 0.000000 0.000000
v 0.150000 1.350000 0.850000
vn 0.000000 0.000000 0.000000
v 0.025000 1.375000 0.925000
vn 0.000000 0.000000 0.000000
v 0.075000 1.375000 0.925000
vn 0.000000 0.000000 0.000000
v 0.025000 1.375000 0.975000
vn 0.000000 0.000000 0.000000
v 0.075000 1.375000 0.975000
vn 0.000000 0.000000 0.000000
v 0.175000 1.325000 0.925000
vn 0.000000 0.000000 0.000000
v 0.125000 1.375000 0.925000
vn 0.000000 0.000000 0.000000
v 0.175000 1.375000 0.925000
vn 0.000000 0.000000 0.000000
v 0.125000 1.375000 0.975000
vn 0.000000 0.000000 0.000000
v 0.175000 1.375000 0.975000
vn 0.000000 0.000000 0.000000
v 0.250000 1.350000 0.850000
vn 0.000000 0.000000 0.000000
v 0.350000 1.350000 0.850000
vn 0.000000 0.000000 0.000000
v 0.250000 1.350000 0.950000
vn 0.000000 0.000000 0.000000
v 0.350000 1.350000 0.950000
vn 0.000000 0.000000 0.000000
v 0.025000 1.375000 1.025000
vn 0.000000 0.000000 0.000000
v 0.075000 1.375000 1.025000
vn 0.000000 0.000000 0.000000
v 0.125000 1.375000 1.025000
vn 0.000000 0.000000 0.000000
v 0.175000 1.375000 1.025000
vn 0.000000 0.000000 0.000000
v 0.275000 1.325000 1.025000
vn 0.000000 0.000000 0.000000
v 0.225000 1.375000 1.025000
vn 0.000000 0.000000 0.000000
v 0.275000 1.375000 1.025000
vn 0.000000 0.000000 0.000000
v 0.325000 1.325000 1.025000
vn 0.000000 0.000000 0.000000
v 0.375000 1.325000 1.025000
vn 0.000000 0.000000 0.000000
v 0.325000 1.375000 1.025000
vn 0.000000 0.000000 0.000000
v 0.375000 1.375000 1.025000
vn 0.000000 0.000000 0.000000
v 0.325000 1.325000 1.075000
vn 0.000000 0.000000 0.000000
v 0.375000 1.325000 1.075000
vn 0.000000 0.000000 0.000000
v 0.375000 1.375000 1.075000
vn 0.000000 0.000000 0.000000
v 0.450000 1.350000 0.850000
vn 0.000000 0.000000 0.000000
v 0.525000 1.325000 0.825000
vn 0.000000 0.000000 0.000000
v 0.575000 1.325000 0.825000
vn 0.000000 0.000000 0.000000
v 0.525000 1.375000 0.825000
vn 0.000000 0.000000 0.000000
v 0.525000 1.325000 0.875000
vn 0.000000 0.000000 0.000000
v 0.575000 1.325000 0.875000
vn 0.000000 0.000000 0.000000
v 0.525000 1.375000 0.875000
vn 0.000000 0.000000 0.000000
v 0.575000 1.375000 0.875000
vn 0.000000 0.000000 0.000000
v 0.450000 1.350000 0.950000
vn 0.000000 0.000000 0.000000
v 0.550000 1.350000 0.950000
vn 0.000000 0.000000 0.000000
v 0.650000 1.250000 0.850000
vn 0.000000 0.000000 0.000000
v 0.625000 1.325000 0.825000
vn 0.000000 0.000000 0.000000
v 0.675000 1.325000 0.825000
vn 0.000000 0.000000 0.000000
v 0.625000 1.325000 0.875000
vn 0.000000 0.000000 0.000000
v 0.675000 1.325000 0.875000
vn 0.000000 0.000000 0.000000
v 0.650000 1.250000 0.950000
vn 0.000000 0.000000 0.000000
v 0.625000 1.325000 0.925000
vn 0.000000 0.000000 0.000000
v 0.675000 1.325000 0.925000
vn 0.000000 0.000000 0.000000
v 0.625000 1.325000 0.975000
vn 0.000000 0.000000 0.000000
v 0.675000 1.325000 0.975000
vn 0.000000 0.000000 0.000000
v 0.425000 1.325000 1.025000
vn 0.000000 0.000000 0.000000
v 0.475000 1.325000 1.025000
vn 0.000000 0.000000 0.000000
v 0.425000 1.375000 1.025000
vn 0.000000 0.000000 0.000000
v 0.475000 1.375000 1.025000
vn 0.000000 0.000000 0.000000
v 0.425000 1.325000 1.075000
vn 0.000000 0.000000 0.000000
v 0.475000 1.325000 1.075000
vn 0.000000 0.000000 0.000000
v 0.525000 1.325000 1.025000
vn 0.000000 0.000000 0.000000
v 0.575000 1.325000 1.025000
vn 0.000000 0.000000 0.000000
v 0.525000 1.375000 1.025000
vn 0.000000 0.000000 0.000000
v 0.525000 1.325000 1.075000
vn 0.000000 0.000000 0.000000
v 0.575000 1.325000 1.075000
vn 0.000000 0.000000 0.000000
v 0.475000 1.325000 1.125000
vn 0.000000 0.000000 0.000000
v 0.525000 1.325000 1.125000
vn 0.000000 0.000000 0.000000
v 0.575000 1.325000 1.125000
vn 0.000000 0.000000 0.000000
v 0.650000 1.250000 1.050000
vn 0.000000 0.000000 0.000000
v 0.625000 1.325000 1.025000
vn 0.000000 0.000000 0.000000
v 0.675000 1.325000 1.025000
vn 0.000000 0.000000 0.000000
v 0.625000 1.325000 1.075000
vn 0.000000 0.000000 0.000000
v 0.675000 1.325000 1.075000
vn 0.000000 0.000000 0.000000
v 0.625000 1.325000 1.125000
# 2089 vertices, 0 vertices normals

# 0 faces, 0 coords texture

# End of File
